location_id,canonical_la_code,canonical_csp_code,canonical_csp_name,lookup_date,pair_match,lookup_member_la_codes,lookup_member_la_names,lookup_force_codes,includes_split_la,review_reason,boundary_compatibility,lsoa_to_csp_ready,source_url,retrieved_at,source_sha256,metadata_url,metadata_retrieved_at,metadata_sha256
barnsley,E08000038,E22000259,Barnsley,2025-04-01,yes,E08000038,Barnsley,E23000011,no,Codes agree; boundary footprint and LSOA membership still unverified,Unverified,no,https://services1.arcgis.com/ESMARspQHYMw9BZ9/arcgis/rest/services/LAD25_CSP25_PFA25_EW_LU/FeatureServer/0/query?where=1%3D1&outFields=*&returnGeometry=false&f=json,2026-09-05T16:12:38.925293+00:00,91b2f04797e3f9aa6d3c3c772e5474326219e2288462628fb554235f83b7d4cf,https://www.arcgis.com/sharing/rest/content/items/8f77bda25c124e43aca5f3b90494e405?f=json,2026-09-05T16:12:38.429874+00:00,b19220190c40bdeca097f2d963149b6c0494e7065a235a9428bd0ec9a1cd16db
birmingham,E08000025,E22000335,Birmingham,2025-04-01,yes,E08000025,Birmingham,E23000014,no,Codes agree; boundary footprint and LSOA membership still unverified,Unverified,no,https://services1.arcgis.com/ESMARspQHYMw9BZ9/arcgis/rest/services/LAD25_CSP25_PFA25_EW_LU/FeatureServer/0/query?where=1%3D1&outFields=*&returnGeometry=false&f=json,2026-09-05T16:12:38.925293+00:00,91b2f04797e3f9aa6d3c3c772e5474326219e2288462628fb554235f83b7d4cf,https://www.arcgis.com/sharing/rest/content/items/8f77bda25c124e43aca5f3b90494e405?f=json,2026-09-05T16:12:38.429874+00:00,b19220190c40bdeca097f2d963149b6c0494e7065a235a9428bd0ec9a1cd16db
blackburn,E06000008,E22000150,Blackburn with Darwen,2025-04-01,yes,E06000008,Blackburn with Darwen,E23000003,no,Codes agree; boundary footprint and LSOA membership still unverified,Unverified,no,https://services1.arcgis.com/ESMARspQHYMw9BZ9/arcgis/rest/services/LAD25_CSP25_PFA25_EW_LU/FeatureServer/0/query?where=1%3D1&outFields=*&returnGeometry=false&f=json,2026-09-05T16:12:38.925293+00:00,91b2f04797e3f9aa6d3c3c772e5474326219e2288462628fb554235f83b7d4cf,https://www.arcgis.com/sharing/rest/content/items/8f77bda25c124e43aca5f3b90494e405?f=json,2026-09-05T16:12:38.429874+00:00,b19220190c40bdeca097f2d963149b6c0494e7065a235a9428bd0ec9a1cd16db
blackpool,E06000009,E22000151,Blackpool,2025-04-01,yes,E06000009,Blackpool,E23000003,no,Codes agree; boundary footprint and LSOA membership still unverified,Unverified,no,https://services1.arcgis.com/ESMARspQHYMw9BZ9/arcgis/rest/services/LAD25_CSP25_PFA25_EW_LU/FeatureServer/0/query?where=1%3D1&outFields=*&returnGeometry=false&f=json,2026-09-05T16:12:38.925293+00:00,91b2f04797e3f9aa6d3c3c772e5474326219e2288462628fb554235f83b7d4cf,https://www.arcgis.com/sharing/rest/content/items/8f77bda25c124e43aca5f3b90494e405?f=json,2026-09-05T16:12:38.429874+00:00,b19220190c40bdeca097f2d963149b6c0494e7065a235a9428bd0ec9a1cd16db
bolton,E08000001,E22000099,Bolton,2025-04-01,yes,E08000001,Bolton,E23000005,no,Codes agree; boundary footprint and LSOA membership still unverified,Unverified,no,https://services1.arcgis.com/ESMARspQHYMw9BZ9/arcgis/rest/services/LAD25_CSP25_PFA25_EW_LU/FeatureServer/0/query?where=1%3D1&outFields=*&returnGeometry=false&f=json,2026-09-05T16:12:38.925293+00:00,91b2f04797e3f9aa6d3c3c772e5474326219e2288462628fb554235f83b7d4cf,https://www.arcgis.com/sharing/rest/content/items/8f77bda25c124e43aca5f3b90494e405?f=json,2026-09-05T16:12:38.429874+00:00,b19220190c40bdeca097f2d963149b6c0494e7065a235a9428bd0ec9a1cd16db
bradford,E08000032,E22000342,Bradford,2025-04-01,yes,E08000032,Bradford,E23000010,no,Codes agree; boundary footprint and LSOA membership still unverified,Unverified,no,https://services1.arcgis.com/ESMARspQHYMw9BZ9/arcgis/rest/services/LAD25_CSP25_PFA25_EW_LU/FeatureServer/0/query?where=1%3D1&outFields=*&returnGeometry=false&f=json,2026-09-05T16:12:38.925293+00:00,91b2f04797e3f9aa6d3c3c772e5474326219e2288462628fb554235f83b7d4cf,https://www.arcgis.com/sharing/rest/content/items/8f77bda25c124e43aca5f3b90494e405?f=json,2026-09-05T16:12:38.429874+00:00,b19220190c40bdeca097f2d963149b6c0494e7065a235a9428bd0ec9a1cd16db
burnley,E07000117,E22000152,Burnley,2025-04-01,yes,E07000117,Burnley,E23000003,no,Codes agree; boundary footprint and LSOA membership still unverified,Unverified,no,https://services1.arcgis.com/ESMARspQHYMw9BZ9/arcgis/rest/services/LAD25_CSP25_PFA25_EW_LU/FeatureServer/0/query?where=1%3D1&outFields=*&returnGeometry=false&f=json,2026-09-05T16:12:38.925293+00:00,91b2f04797e3f9aa6d3c3c772e5474326219e2288462628fb554235f83b7d4cf,https://www.arcgis.com/sharing/rest/content/items/8f77bda25c124e43aca5f3b90494e405?f=json,2026-09-05T16:12:38.429874+00:00,b19220190c40bdeca097f2d963149b6c0494e7065a235a9428bd0ec9a1cd16db
burton-on-trent,E07000193,E22000264,East Staffordshire,2025-04-01,yes,E07000193,East Staffordshire,E23000015,no,Codes agree; boundary footprint and LSOA membership still unverified,Unverified,no,https://services1.arcgis.com/ESMARspQHYMw9BZ9/arcgis/rest/services/LAD25_CSP25_PFA25_EW_LU/FeatureServer/0/query?where=1%3D1&outFields=*&returnGeometry=false&f=json,2026-09-05T16:12:38.925293+00:00,91b2f04797e3f9aa6d3c3c772e5474326219e2288462628fb554235f83b7d4cf,https://www.arcgis.com/sharing/rest/content/items/8f77bda25c124e43aca5f3b90494e405?f=json,2026-09-05T16:12:38.429874+00:00,b19220190c40bdeca097f2d963149b6c0494e7065a235a9428bd0ec9a1cd16db
cardiff,W06000015,W14000015,Cardiff,2025-04-01,yes,W06000015,Cardiff,W15000003,no,Codes agree; boundary footprint and LSOA membership still unverified,Unverified,no,https://services1.arcgis.com/ESMARspQHYMw9BZ9/arcgis/rest/services/LAD25_CSP25_PFA25_EW_LU/FeatureServer/0/query?where=1%3D1&outFields=*&returnGeometry=false&f=json,2026-09-05T16:12:38.925293+00:00,91b2f04797e3f9aa6d3c3c772e5474326219e2288462628fb554235f83b7d4cf,https://www.arcgis.com/sharing/rest/content/items/8f77bda25c124e43aca5f3b90494e405?f=json,2026-09-05T16:12:38.429874+00:00,b19220190c40bdeca097f2d963149b6c0494e7065a235a9428bd0ec9a1cd16db
chester,E06000050,E22000355,Cheshire West and Chester,2025-04-01,yes,E06000050,Cheshire West and Chester,E23000006,no,Codes agree; boundary footprint and LSOA membership still unverified,Unverified,no,https://services1.arcgis.com/ESMARspQHYMw9BZ9/arcgis/rest/services/LAD25_CSP25_PFA25_EW_LU/FeatureServer/0/query?where=1%3D1&outFields=*&returnGeometry=false&f=json,2026-09-05T16:12:38.925293+00:00,91b2f04797e3f9aa6d3c3c772e5474326219e2288462628fb554235f83b7d4cf,https://www.arcgis.com/sharing/rest/content/items/8f77bda25c124e43aca5f3b90494e405?f=json,2026-09-05T16:12:38.429874+00:00,b19220190c40bdeca097f2d963149b6c0494e7065a235a9428bd0ec9a1cd16db
chesterfield,E07000034,E22000039,Chesterfield,2025-04-01,yes,E07000034,Chesterfield,E23000018,no,Codes agree; boundary footprint and LSOA membership still unverified,Unverified,no,https://services1.arcgis.com/ESMARspQHYMw9BZ9/arcgis/rest/services/LAD25_CSP25_PFA25_EW_LU/FeatureServer/0/query?where=1%3D1&outFields=*&returnGeometry=false&f=json,2026-09-05T16:12:38.925293+00:00,91b2f04797e3f9aa6d3c3c772e5474326219e2288462628fb554235f83b7d4cf,https://www.arcgis.com/sharing/rest/content/items/8f77bda25c124e43aca5f3b90494e405?f=json,2026-09-05T16:12:38.429874+00:00,b19220190c40bdeca097f2d963149b6c0494e7065a235a9428bd0ec9a1cd16db
coventry,E08000026,E22000336,Coventry,2025-04-01,yes,E08000026,Coventry,E23000014,no,Codes agree; boundary footprint and LSOA membership still unverified,Unverified,no,https://services1.arcgis.com/ESMARspQHYMw9BZ9/arcgis/rest/services/LAD25_CSP25_PFA25_EW_LU/FeatureServer/0/query?where=1%3D1&outFields=*&returnGeometry=false&f=json,2026-09-05T16:12:38.925293+00:00,91b2f04797e3f9aa6d3c3c772e5474326219e2288462628fb554235f83b7d4cf,https://www.arcgis.com/sharing/rest/content/items/8f77bda25c124e43aca5f3b90494e405?f=json,2026-09-05T16:12:38.429874+00:00,b19220190c40bdeca097f2d963149b6c0494e7065a235a9428bd0ec9a1cd16db
darlington,E06000005,E22000072,Darlington,2025-04-01,yes,E06000005,Darlington,E23000008,no,Codes agree; boundary footprint and LSOA membership still unverified,Unverified,no,https://services1.arcgis.com/ESMARspQHYMw9BZ9/arcgis/rest/services/LAD25_CSP25_PFA25_EW_LU/FeatureServer/0/query?where=1%3D1&outFields=*&returnGeometry=false&f=json,2026-09-05T16:12:38.925293+00:00,91b2f04797e3f9aa6d3c3c772e5474326219e2288462628fb554235f83b7d4cf,https://www.arcgis.com/sharing/rest/content/items/8f77bda25c124e43aca5f3b90494e405?f=json,2026-09-05T16:12:38.429874+00:00,b19220190c40bdeca097f2d963149b6c0494e7065a235a9428bd0ec9a1cd16db
derby,E06000015,E22000040,Derby,2025-04-01,yes,E06000015,Derby,E23000018,no,Codes agree; boundary footprint and LSOA membership still unverified,Unverified,no,https://services1.arcgis.com/ESMARspQHYMw9BZ9/arcgis/rest/services/LAD25_CSP25_PFA25_EW_LU/FeatureServer/0/query?where=1%3D1&outFields=*&returnGeometry=false&f=json,2026-09-05T16:12:38.925293+00:00,91b2f04797e3f9aa6d3c3c772e5474326219e2288462628fb554235f83b7d4cf,https://www.arcgis.com/sharing/rest/content/items/8f77bda25c124e43aca5f3b90494e405?f=json,2026-09-05T16:12:38.429874+00:00,b19220190c40bdeca097f2d963149b6c0494e7065a235a9428bd0ec9a1cd16db
doncaster,E08000017,E22000260,Doncaster,2025-04-01,yes,E08000017,Doncaster,E23000011,no,Codes agree; boundary footprint and LSOA membership still unverified,Unverified,no,https://services1.arcgis.com/ESMARspQHYMw9BZ9/arcgis/rest/services/LAD25_CSP25_PFA25_EW_LU/FeatureServer/0/query?where=1%3D1&outFields=*&returnGeometry=false&f=json,2026-09-05T16:12:38.925293+00:00,91b2f04797e3f9aa6d3c3c772e5474326219e2288462628fb554235f83b7d4cf,https://www.arcgis.com/sharing/rest/content/items/8f77bda25c124e43aca5f3b90494e405?f=json,2026-09-05T16:12:38.429874+00:00,b19220190c40bdeca097f2d963149b6c0494e7065a235a9428bd0ec9a1cd16db
gateshead,E08000037,E22000244,Gateshead,2025-04-01,yes,E08000037,Gateshead,E23000007,no,Codes agree; boundary footprint and LSOA membership still unverified,Unverified,no,https://services1.arcgis.com/ESMARspQHYMw9BZ9/arcgis/rest/services/LAD25_CSP25_PFA25_EW_LU/FeatureServer/0/query?where=1%3D1&outFields=*&returnGeometry=false&f=json,2026-09-05T16:12:38.925293+00:00,91b2f04797e3f9aa6d3c3c772e5474326219e2288462628fb554235f83b7d4cf,https://www.arcgis.com/sharing/rest/content/items/8f77bda25c124e43aca5f3b90494e405?f=json,2026-09-05T16:12:38.429874+00:00,b19220190c40bdeca097f2d963149b6c0494e7065a235a9428bd0ec9a1cd16db
gloucester,E07000081,E22000096,Gloucester,2025-04-01,yes,E07000081,Gloucester,E23000037,no,Codes agree; boundary footprint and LSOA membership still unverified,Unverified,no,https://services1.arcgis.com/ESMARspQHYMw9BZ9/arcgis/rest/services/LAD25_CSP25_PFA25_EW_LU/FeatureServer/0/query?where=1%3D1&outFields=*&returnGeometry=false&f=json,2026-09-05T16:12:38.925293+00:00,91b2f04797e3f9aa6d3c3c772e5474326219e2288462628fb554235f83b7d4cf,https://www.arcgis.com/sharing/rest/content/items/8f77bda25c124e43aca5f3b90494e405?f=json,2026-09-05T16:12:38.429874+00:00,b19220190c40bdeca097f2d963149b6c0494e7065a235a9428bd0ec9a1cd16db
halifax,E08000033,E22000343,Calderdale,2025-04-01,yes,E08000033,Calderdale,E23000010,no,Codes agree; boundary footprint and LSOA membership still unverified,Unverified,no,https://services1.arcgis.com/ESMARspQHYMw9BZ9/arcgis/rest/services/LAD25_CSP25_PFA25_EW_LU/FeatureServer/0/query?where=1%3D1&outFields=*&returnGeometry=false&f=json,2026-09-05T16:12:38.925293+00:00,91b2f04797e3f9aa6d3c3c772e5474326219e2288462628fb554235f83b7d4cf,https://www.arcgis.com/sharing/rest/content/items/8f77bda25c124e43aca5f3b90494e405?f=json,2026-09-05T16:12:38.429874+00:00,b19220190c40bdeca097f2d963149b6c0494e7065a235a9428bd0ec9a1cd16db
hartlepool,E06000001,E22000027,Hartlepool,2025-04-01,yes,E06000001,Hartlepool,E23000013,no,Codes agree; boundary footprint and LSOA membership still unverified,Unverified,no,https://services1.arcgis.com/ESMARspQHYMw9BZ9/arcgis/rest/services/LAD25_CSP25_PFA25_EW_LU/FeatureServer/0/query?where=1%3D1&outFields=*&returnGeometry=false&f=json,2026-09-05T16:12:38.925293+00:00,91b2f04797e3f9aa6d3c3c772e5474326219e2288462628fb554235f83b7d4cf,https://www.arcgis.com/sharing/rest/content/items/8f77bda25c124e43aca5f3b90494e405?f=json,2026-09-05T16:12:38.429874+00:00,b19220190c40bdeca097f2d963149b6c0494e7065a235a9428bd0ec9a1cd16db
huddersfield,E08000034,E22000344,Kirklees,2025-04-01,yes,E08000034,Kirklees,E23000010,no,Codes agree; boundary footprint and LSOA membership still unverified,Unverified,no,https://services1.arcgis.com/ESMARspQHYMw9BZ9/arcgis/rest/services/LAD25_CSP25_PFA25_EW_LU/FeatureServer/0/query?where=1%3D1&outFields=*&returnGeometry=false&f=json,2026-09-05T16:12:38.925293+00:00,91b2f04797e3f9aa6d3c3c772e5474326219e2288462628fb554235f83b7d4cf,https://www.arcgis.com/sharing/rest/content/items/8f77bda25c124e43aca5f3b90494e405?f=json,2026-09-05T16:12:38.429874+00:00,b19220190c40bdeca097f2d963149b6c0494e7065a235a9428bd0ec9a1cd16db
hull-kingston-upon-hull,E06000010,E22000134,"Kingston upon Hull, City of",2025-04-01,yes,E06000010,"Kingston upon Hull, City of",E23000012,no,Codes agree; boundary footprint and LSOA membership still unverified,Unverified,no,https://services1.arcgis.com/ESMARspQHYMw9BZ9/arcgis/rest/services/LAD25_CSP25_PFA25_EW_LU/FeatureServer/0/query?where=1%3D1&outFields=*&returnGeometry=false&f=json,2026-09-05T16:12:38.925293+00:00,91b2f04797e3f9aa6d3c3c772e5474326219e2288462628fb554235f83b7d4cf,https://www.arcgis.com/sharing/rest/content/items/8f77bda25c124e43aca5f3b90494e405?f=json,2026-09-05T16:12:38.429874+00:00,b19220190c40bdeca097f2d963149b6c0494e7065a235a9428bd0ec9a1cd16db
ipswich,E07000202,E22000273,Ipswich,2025-04-01,yes,E07000202,Ipswich,E23000025,no,Codes agree; boundary footprint and LSOA membership still unverified,Unverified,no,https://services1.arcgis.com/ESMARspQHYMw9BZ9/arcgis/rest/services/LAD25_CSP25_PFA25_EW_LU/FeatureServer/0/query?where=1%3D1&outFields=*&returnGeometry=false&f=json,2026-09-05T16:12:38.925293+00:00,91b2f04797e3f9aa6d3c3c772e5474326219e2288462628fb554235f83b7d4cf,https://www.arcgis.com/sharing/rest/content/items/8f77bda25c124e43aca5f3b90494e405?f=json,2026-09-05T16:12:38.429874+00:00,b19220190c40bdeca097f2d963149b6c0494e7065a235a9428bd0ec9a1cd16db
kettering,E06000061,E22000236,Kettering,2025-04-01,yes,E06000061,North Northamptonshire,E23000022,yes,LA contains multiple CSPs; LA-only LSOA join is ambiguous,Unverified,no,https://services1.arcgis.com/ESMARspQHYMw9BZ9/arcgis/rest/services/LAD25_CSP25_PFA25_EW_LU/FeatureServer/0/query?where=1%3D1&outFields=*&returnGeometry=false&f=json,2026-09-05T16:12:38.925293+00:00,91b2f04797e3f9aa6d3c3c772e5474326219e2288462628fb554235f83b7d4cf,https://www.arcgis.com/sharing/rest/content/items/8f77bda25c124e43aca5f3b90494e405?f=json,2026-09-05T16:12:38.429874+00:00,b19220190c40bdeca097f2d963149b6c0494e7065a235a9428bd0ec9a1cd16db
lancaster,E07000121,E22000156,Lancaster,2025-04-01,yes,E07000121,Lancaster,E23000003,no,Codes agree; boundary footprint and LSOA membership still unverified,Unverified,no,https://services1.arcgis.com/ESMARspQHYMw9BZ9/arcgis/rest/services/LAD25_CSP25_PFA25_EW_LU/FeatureServer/0/query?where=1%3D1&outFields=*&returnGeometry=false&f=json,2026-09-05T16:12:38.925293+00:00,91b2f04797e3f9aa6d3c3c772e5474326219e2288462628fb554235f83b7d4cf,https://www.arcgis.com/sharing/rest/content/items/8f77bda25c124e43aca5f3b90494e405?f=json,2026-09-05T16:12:38.429874+00:00,b19220190c40bdeca097f2d963149b6c0494e7065a235a9428bd0ec9a1cd16db
leeds,E08000035,E22000345,Leeds,2025-04-01,yes,E08000035,Leeds,E23000010,no,Codes agree; boundary footprint and LSOA membership still unverified,Unverified,no,https://services1.arcgis.com/ESMARspQHYMw9BZ9/arcgis/rest/services/LAD25_CSP25_PFA25_EW_LU/FeatureServer/0/query?where=1%3D1&outFields=*&returnGeometry=false&f=json,2026-09-05T16:12:38.925293+00:00,91b2f04797e3f9aa6d3c3c772e5474326219e2288462628fb554235f83b7d4cf,https://www.arcgis.com/sharing/rest/content/items/8f77bda25c124e43aca5f3b90494e405?f=json,2026-09-05T16:12:38.429874+00:00,b19220190c40bdeca097f2d963149b6c0494e7065a235a9428bd0ec9a1cd16db
leicester,E06000016,E22000168,Leicester,2025-04-01,yes,E06000016,Leicester,E23000021,no,Codes agree; boundary footprint and LSOA membership still unverified,Unverified,no,https://services1.arcgis.com/ESMARspQHYMw9BZ9/arcgis/rest/services/LAD25_CSP25_PFA25_EW_LU/FeatureServer/0/query?where=1%3D1&outFields=*&returnGeometry=false&f=json,2026-09-05T16:12:38.925293+00:00,91b2f04797e3f9aa6d3c3c772e5474326219e2288462628fb554235f83b7d4cf,https://www.arcgis.com/sharing/rest/content/items/8f77bda25c124e43aca5f3b90494e405?f=json,2026-09-05T16:12:38.429874+00:00,b19220190c40bdeca097f2d963149b6c0494e7065a235a9428bd0ec9a1cd16db
lincoln,E07000138,E22000175,Lincoln,2025-04-01,yes,E07000138,Lincoln,E23000020,no,Codes agree; boundary footprint and LSOA membership still unverified,Unverified,no,https://services1.arcgis.com/ESMARspQHYMw9BZ9/arcgis/rest/services/LAD25_CSP25_PFA25_EW_LU/FeatureServer/0/query?where=1%3D1&outFields=*&returnGeometry=false&f=json,2026-09-05T16:12:38.925293+00:00,91b2f04797e3f9aa6d3c3c772e5474326219e2288462628fb554235f83b7d4cf,https://www.arcgis.com/sharing/rest/content/items/8f77bda25c124e43aca5f3b90494e405?f=json,2026-09-05T16:12:38.429874+00:00,b19220190c40bdeca097f2d963149b6c0494e7065a235a9428bd0ec9a1cd16db
liverpool,E08000012,E22000182,Liverpool,2025-04-01,yes,E08000012,Liverpool,E23000004,no,Codes agree; boundary footprint and LSOA membership still unverified,Unverified,no,https://services1.arcgis.com/ESMARspQHYMw9BZ9/arcgis/rest/services/LAD25_CSP25_PFA25_EW_LU/FeatureServer/0/query?where=1%3D1&outFields=*&returnGeometry=false&f=json,2026-09-05T16:12:38.925293+00:00,91b2f04797e3f9aa6d3c3c772e5474326219e2288462628fb554235f83b7d4cf,https://www.arcgis.com/sharing/rest/content/items/8f77bda25c124e43aca5f3b90494e405?f=json,2026-09-05T16:12:38.429874+00:00,b19220190c40bdeca097f2d963149b6c0494e7065a235a9428bd0ec9a1cd16db
loughborough,E07000130,E22000165,Charnwood,2025-04-01,yes,E07000130,Charnwood,E23000021,no,Codes agree; boundary footprint and LSOA membership still unverified,Unverified,no,https://services1.arcgis.com/ESMARspQHYMw9BZ9/arcgis/rest/services/LAD25_CSP25_PFA25_EW_LU/FeatureServer/0/query?where=1%3D1&outFields=*&returnGeometry=false&f=json,2026-09-05T16:12:38.925293+00:00,91b2f04797e3f9aa6d3c3c772e5474326219e2288462628fb554235f83b7d4cf,https://www.arcgis.com/sharing/rest/content/items/8f77bda25c124e43aca5f3b90494e405?f=json,2026-09-05T16:12:38.429874+00:00,b19220190c40bdeca097f2d963149b6c0494e7065a235a9428bd0ec9a1cd16db
manchester,E08000003,E22000101,Manchester,2025-04-01,yes,E08000003,Manchester,E23000005,no,Codes agree; boundary footprint and LSOA membership still unverified,Unverified,no,https://services1.arcgis.com/ESMARspQHYMw9BZ9/arcgis/rest/services/LAD25_CSP25_PFA25_EW_LU/FeatureServer/0/query?where=1%3D1&outFields=*&returnGeometry=false&f=json,2026-09-05T16:12:38.925293+00:00,91b2f04797e3f9aa6d3c3c772e5474326219e2288462628fb554235f83b7d4cf,https://www.arcgis.com/sharing/rest/content/items/8f77bda25c124e43aca5f3b90494e405?f=json,2026-09-05T16:12:38.429874+00:00,b19220190c40bdeca097f2d963149b6c0494e7065a235a9428bd0ec9a1cd16db
merthyr-tydfil,W06000024,W14000023,Cwm Taf,2025-04-01,yes,W06000016 | W06000024,Merthyr Tydfil | Rhondda Cynon Taf,W15000003,no,Codes agree; boundary footprint and LSOA membership still unverified,Unverified,no,https://services1.arcgis.com/ESMARspQHYMw9BZ9/arcgis/rest/services/LAD25_CSP25_PFA25_EW_LU/FeatureServer/0/query?where=1%3D1&outFields=*&returnGeometry=false&f=json,2026-09-05T16:12:38.925293+00:00,91b2f04797e3f9aa6d3c3c772e5474326219e2288462628fb554235f83b7d4cf,https://www.arcgis.com/sharing/rest/content/items/8f77bda25c124e43aca5f3b90494e405?f=json,2026-09-05T16:12:38.429874+00:00,b19220190c40bdeca097f2d963149b6c0494e7065a235a9428bd0ec9a1cd16db
middlesbrough,E06000002,E22000029,Middlesbrough,2025-04-01,yes,E06000002,Middlesbrough,E23000013,no,Codes agree; boundary footprint and LSOA membership still unverified,Unverified,no,https://services1.arcgis.com/ESMARspQHYMw9BZ9/arcgis/rest/services/LAD25_CSP25_PFA25_EW_LU/FeatureServer/0/query?where=1%3D1&outFields=*&returnGeometry=false&f=json,2026-09-05T16:12:38.925293+00:00,91b2f04797e3f9aa6d3c3c772e5474326219e2288462628fb554235f83b7d4cf,https://www.arcgis.com/sharing/rest/content/items/8f77bda25c124e43aca5f3b90494e405?f=json,2026-09-05T16:12:38.429874+00:00,b19220190c40bdeca097f2d963149b6c0494e7065a235a9428bd0ec9a1cd16db
neath,W06000012,W14000012,Neath Port Talbot,2025-04-01,yes,W06000012,Neath Port Talbot,W15000003,no,Codes agree; boundary footprint and LSOA membership still unverified,Unverified,no,https://services1.arcgis.com/ESMARspQHYMw9BZ9/arcgis/rest/services/LAD25_CSP25_PFA25_EW_LU/FeatureServer/0/query?where=1%3D1&outFields=*&returnGeometry=false&f=json,2026-09-05T16:12:38.925293+00:00,91b2f04797e3f9aa6d3c3c772e5474326219e2288462628fb554235f83b7d4cf,https://www.arcgis.com/sharing/rest/content/items/8f77bda25c124e43aca5f3b90494e405?f=json,2026-09-05T16:12:38.429874+00:00,b19220190c40bdeca097f2d963149b6c0494e7065a235a9428bd0ec9a1cd16db
newcastle-upon-tyne,E08000021,E22000245,Newcastle upon Tyne,2025-04-01,yes,E08000021,Newcastle upon Tyne,E23000007,no,Codes agree; boundary footprint and LSOA membership still unverified,Unverified,no,https://services1.arcgis.com/ESMARspQHYMw9BZ9/arcgis/rest/services/LAD25_CSP25_PFA25_EW_LU/FeatureServer/0/query?where=1%3D1&outFields=*&returnGeometry=false&f=json,2026-09-05T16:12:38.925293+00:00,91b2f04797e3f9aa6d3c3c772e5474326219e2288462628fb554235f83b7d4cf,https://www.arcgis.com/sharing/rest/content/items/8f77bda25c124e43aca5f3b90494e405?f=json,2026-09-05T16:12:38.429874+00:00,b19220190c40bdeca097f2d963149b6c0494e7065a235a9428bd0ec9a1cd16db
newport,W06000022,W14000022,Newport,2025-04-01,yes,W06000022,Newport,W15000002,no,Codes agree; boundary footprint and LSOA membership still unverified,Unverified,no,https://services1.arcgis.com/ESMARspQHYMw9BZ9/arcgis/rest/services/LAD25_CSP25_PFA25_EW_LU/FeatureServer/0/query?where=1%3D1&outFields=*&returnGeometry=false&f=json,2026-09-05T16:12:38.925293+00:00,91b2f04797e3f9aa6d3c3c772e5474326219e2288462628fb554235f83b7d4cf,https://www.arcgis.com/sharing/rest/content/items/8f77bda25c124e43aca5f3b90494e405?f=json,2026-09-05T16:12:38.429874+00:00,b19220190c40bdeca097f2d963149b6c0494e7065a235a9428bd0ec9a1cd16db
northampton,E06000062,E22000237,Northampton,2025-04-01,yes,E06000062,West Northamptonshire,E23000022,yes,LA contains multiple CSPs; LA-only LSOA join is ambiguous,Unverified,no,https://services1.arcgis.com/ESMARspQHYMw9BZ9/arcgis/rest/services/LAD25_CSP25_PFA25_EW_LU/FeatureServer/0/query?where=1%3D1&outFields=*&returnGeometry=false&f=json,2026-09-05T16:12:38.925293+00:00,91b2f04797e3f9aa6d3c3c772e5474326219e2288462628fb554235f83b7d4cf,https://www.arcgis.com/sharing/rest/content/items/8f77bda25c124e43aca5f3b90494e405?f=json,2026-09-05T16:12:38.429874+00:00,b19220190c40bdeca097f2d963149b6c0494e7065a235a9428bd0ec9a1cd16db
norwich,E07000148,E22000223,Norwich,2025-04-01,yes,E07000148,Norwich,E23000024,no,Codes agree; boundary footprint and LSOA membership still unverified,Unverified,no,https://services1.arcgis.com/ESMARspQHYMw9BZ9/arcgis/rest/services/LAD25_CSP25_PFA25_EW_LU/FeatureServer/0/query?where=1%3D1&outFields=*&returnGeometry=false&f=json,2026-09-05T16:12:38.925293+00:00,91b2f04797e3f9aa6d3c3c772e5474326219e2288462628fb554235f83b7d4cf,https://www.arcgis.com/sharing/rest/content/items/8f77bda25c124e43aca5f3b90494e405?f=json,2026-09-05T16:12:38.429874+00:00,b19220190c40bdeca097f2d963149b6c0494e7065a235a9428bd0ec9a1cd16db
nottingham,E06000018,E22000257,Nottingham,2025-04-01,yes,E06000018,Nottingham,E23000019,no,Codes agree; boundary footprint and LSOA membership still unverified,Unverified,no,https://services1.arcgis.com/ESMARspQHYMw9BZ9/arcgis/rest/services/LAD25_CSP25_PFA25_EW_LU/FeatureServer/0/query?where=1%3D1&outFields=*&returnGeometry=false&f=json,2026-09-05T16:12:38.925293+00:00,91b2f04797e3f9aa6d3c3c772e5474326219e2288462628fb554235f83b7d4cf,https://www.arcgis.com/sharing/rest/content/items/8f77bda25c124e43aca5f3b90494e405?f=json,2026-09-05T16:12:38.429874+00:00,b19220190c40bdeca097f2d963149b6c0494e7065a235a9428bd0ec9a1cd16db
peterborough,E06000031,E22000017,Peterborough,2025-04-01,yes,E06000031,Peterborough,E23000023,no,Codes agree; boundary footprint and LSOA membership still unverified,Unverified,no,https://services1.arcgis.com/ESMARspQHYMw9BZ9/arcgis/rest/services/LAD25_CSP25_PFA25_EW_LU/FeatureServer/0/query?where=1%3D1&outFields=*&returnGeometry=false&f=json,2026-09-05T16:12:38.925293+00:00,91b2f04797e3f9aa6d3c3c772e5474326219e2288462628fb554235f83b7d4cf,https://www.arcgis.com/sharing/rest/content/items/8f77bda25c124e43aca5f3b90494e405?f=json,2026-09-05T16:12:38.429874+00:00,b19220190c40bdeca097f2d963149b6c0494e7065a235a9428bd0ec9a1cd16db
plymouth,E06000026,E22000056,Plymouth,2025-04-01,yes,E06000026,Plymouth,E23000035,no,Codes agree; boundary footprint and LSOA membership still unverified,Unverified,no,https://services1.arcgis.com/ESMARspQHYMw9BZ9/arcgis/rest/services/LAD25_CSP25_PFA25_EW_LU/FeatureServer/0/query?where=1%3D1&outFields=*&returnGeometry=false&f=json,2026-09-05T16:12:38.925293+00:00,91b2f04797e3f9aa6d3c3c772e5474326219e2288462628fb554235f83b7d4cf,https://www.arcgis.com/sharing/rest/content/items/8f77bda25c124e43aca5f3b90494e405?f=json,2026-09-05T16:12:38.429874+00:00,b19220190c40bdeca097f2d963149b6c0494e7065a235a9428bd0ec9a1cd16db
portsmouth,E06000044,E22000118,Portsmouth,2025-04-01,yes,E06000044,Portsmouth,E23000030,no,Codes agree; boundary footprint and LSOA membership still unverified,Unverified,no,https://services1.arcgis.com/ESMARspQHYMw9BZ9/arcgis/rest/services/LAD25_CSP25_PFA25_EW_LU/FeatureServer/0/query?where=1%3D1&outFields=*&returnGeometry=false&f=json,2026-09-05T16:12:38.925293+00:00,91b2f04797e3f9aa6d3c3c772e5474326219e2288462628fb554235f83b7d4cf,https://www.arcgis.com/sharing/rest/content/items/8f77bda25c124e43aca5f3b90494e405?f=json,2026-09-05T16:12:38.429874+00:00,b19220190c40bdeca097f2d963149b6c0494e7065a235a9428bd0ec9a1cd16db
preston,E07000123,E22000158,Preston,2025-04-01,yes,E07000123,Preston,E23000003,no,Codes agree; boundary footprint and LSOA membership still unverified,Unverified,no,https://services1.arcgis.com/ESMARspQHYMw9BZ9/arcgis/rest/services/LAD25_CSP25_PFA25_EW_LU/FeatureServer/0/query?where=1%3D1&outFields=*&returnGeometry=false&f=json,2026-09-05T16:12:38.925293+00:00,91b2f04797e3f9aa6d3c3c772e5474326219e2288462628fb554235f83b7d4cf,https://www.arcgis.com/sharing/rest/content/items/8f77bda25c124e43aca5f3b90494e405?f=json,2026-09-05T16:12:38.429874+00:00,b19220190c40bdeca097f2d963149b6c0494e7065a235a9428bd0ec9a1cd16db
rotherham,E08000018,E22000261,Rotherham,2025-04-01,yes,E08000018,Rotherham,E23000011,no,Codes agree; boundary footprint and LSOA membership still unverified,Unverified,no,https://services1.arcgis.com/ESMARspQHYMw9BZ9/arcgis/rest/services/LAD25_CSP25_PFA25_EW_LU/FeatureServer/0/query?where=1%3D1&outFields=*&returnGeometry=false&f=json,2026-09-05T16:12:38.925293+00:00,91b2f04797e3f9aa6d3c3c772e5474326219e2288462628fb554235f83b7d4cf,https://www.arcgis.com/sharing/rest/content/items/8f77bda25c124e43aca5f3b90494e405?f=json,2026-09-05T16:12:38.429874+00:00,b19220190c40bdeca097f2d963149b6c0494e7065a235a9428bd0ec9a1cd16db
salford,E08000006,E22000104,Salford,2025-04-01,yes,E08000006,Salford,E23000005,no,Codes agree; boundary footprint and LSOA membership still unverified,Unverified,no,https://services1.arcgis.com/ESMARspQHYMw9BZ9/arcgis/rest/services/LAD25_CSP25_PFA25_EW_LU/FeatureServer/0/query?where=1%3D1&outFields=*&returnGeometry=false&f=json,2026-09-05T16:12:38.925293+00:00,91b2f04797e3f9aa6d3c3c772e5474326219e2288462628fb554235f83b7d4cf,https://www.arcgis.com/sharing/rest/content/items/8f77bda25c124e43aca5f3b90494e405?f=json,2026-09-05T16:12:38.429874+00:00,b19220190c40bdeca097f2d963149b6c0494e7065a235a9428bd0ec9a1cd16db
sheffield,E08000039,E22000262,Sheffield,2025-04-01,yes,E08000039,Sheffield,E23000011,no,Codes agree; boundary footprint and LSOA membership still unverified,Unverified,no,https://services1.arcgis.com/ESMARspQHYMw9BZ9/arcgis/rest/services/LAD25_CSP25_PFA25_EW_LU/FeatureServer/0/query?where=1%3D1&outFields=*&returnGeometry=false&f=json,2026-09-05T16:12:38.925293+00:00,91b2f04797e3f9aa6d3c3c772e5474326219e2288462628fb554235f83b7d4cf,https://www.arcgis.com/sharing/rest/content/items/8f77bda25c124e43aca5f3b90494e405?f=json,2026-09-05T16:12:38.429874+00:00,b19220190c40bdeca097f2d963149b6c0494e7065a235a9428bd0ec9a1cd16db
shrewsbury,E06000051,E22000360,Shropshire,2025-04-01,yes,E06000051,Shropshire,E23000016,no,Codes agree; boundary footprint and LSOA membership still unverified,Unverified,no,https://services1.arcgis.com/ESMARspQHYMw9BZ9/arcgis/rest/services/LAD25_CSP25_PFA25_EW_LU/FeatureServer/0/query?where=1%3D1&outFields=*&returnGeometry=false&f=json,2026-09-05T16:12:38.925293+00:00,91b2f04797e3f9aa6d3c3c772e5474326219e2288462628fb554235f83b7d4cf,https://www.arcgis.com/sharing/rest/content/items/8f77bda25c124e43aca5f3b90494e405?f=json,2026-09-05T16:12:38.429874+00:00,b19220190c40bdeca097f2d963149b6c0494e7065a235a9428bd0ec9a1cd16db
st-helens,E08000013,E22000184,St. Helens,2025-04-01,yes,E08000013,St. Helens,E23000004,no,Codes agree; boundary footprint and LSOA membership still unverified,Unverified,no,https://services1.arcgis.com/ESMARspQHYMw9BZ9/arcgis/rest/services/LAD25_CSP25_PFA25_EW_LU/FeatureServer/0/query?where=1%3D1&outFields=*&returnGeometry=false&f=json,2026-09-05T16:12:38.925293+00:00,91b2f04797e3f9aa6d3c3c772e5474326219e2288462628fb554235f83b7d4cf,https://www.arcgis.com/sharing/rest/content/items/8f77bda25c124e43aca5f3b90494e405?f=json,2026-09-05T16:12:38.429874+00:00,b19220190c40bdeca097f2d963149b6c0494e7065a235a9428bd0ec9a1cd16db
stafford,E07000197,E22000268,Stafford,2025-04-01,yes,E07000197,Stafford,E23000015,no,Codes agree; boundary footprint and LSOA membership still unverified,Unverified,no,https://services1.arcgis.com/ESMARspQHYMw9BZ9/arcgis/rest/services/LAD25_CSP25_PFA25_EW_LU/FeatureServer/0/query?where=1%3D1&outFields=*&returnGeometry=false&f=json,2026-09-05T16:12:38.925293+00:00,91b2f04797e3f9aa6d3c3c772e5474326219e2288462628fb554235f83b7d4cf,https://www.arcgis.com/sharing/rest/content/items/8f77bda25c124e43aca5f3b90494e405?f=json,2026-09-05T16:12:38.429874+00:00,b19220190c40bdeca097f2d963149b6c0494e7065a235a9428bd0ec9a1cd16db
stockport,E08000007,E22000105,Stockport,2025-04-01,yes,E08000007,Stockport,E23000005,no,Codes agree; boundary footprint and LSOA membership still unverified,Unverified,no,https://services1.arcgis.com/ESMARspQHYMw9BZ9/arcgis/rest/services/LAD25_CSP25_PFA25_EW_LU/FeatureServer/0/query?where=1%3D1&outFields=*&returnGeometry=false&f=json,2026-09-05T16:12:38.925293+00:00,91b2f04797e3f9aa6d3c3c772e5474326219e2288462628fb554235f83b7d4cf,https://www.arcgis.com/sharing/rest/content/items/8f77bda25c124e43aca5f3b90494e405?f=json,2026-09-05T16:12:38.429874+00:00,b19220190c40bdeca097f2d963149b6c0494e7065a235a9428bd0ec9a1cd16db
stockton-on-tees,E06000004,E22000030,Stockton-on-Tees,2025-04-01,yes,E06000004,Stockton-on-Tees,E23000013,no,Codes agree; boundary footprint and LSOA membership still unverified,Unverified,no,https://services1.arcgis.com/ESMARspQHYMw9BZ9/arcgis/rest/services/LAD25_CSP25_PFA25_EW_LU/FeatureServer/0/query?where=1%3D1&outFields=*&returnGeometry=false&f=json,2026-09-05T16:12:38.925293+00:00,91b2f04797e3f9aa6d3c3c772e5474326219e2288462628fb554235f83b7d4cf,https://www.arcgis.com/sharing/rest/content/items/8f77bda25c124e43aca5f3b90494e405?f=json,2026-09-05T16:12:38.429874+00:00,b19220190c40bdeca097f2d963149b6c0494e7065a235a9428bd0ec9a1cd16db
stoke-on-trent,E06000021,E22000270,Stoke-on-Trent,2025-04-01,yes,E06000021,Stoke-on-Trent,E23000015,no,Codes agree; boundary footprint and LSOA membership still unverified,Unverified,no,https://services1.arcgis.com/ESMARspQHYMw9BZ9/arcgis/rest/services/LAD25_CSP25_PFA25_EW_LU/FeatureServer/0/query?where=1%3D1&outFields=*&returnGeometry=false&f=json,2026-09-05T16:12:38.925293+00:00,91b2f04797e3f9aa6d3c3c772e5474326219e2288462628fb554235f83b7d4cf,https://www.arcgis.com/sharing/rest/content/items/8f77bda25c124e43aca5f3b90494e405?f=json,2026-09-05T16:12:38.429874+00:00,b19220190c40bdeca097f2d963149b6c0494e7065a235a9428bd0ec9a1cd16db
sunderland,E08000024,E22000248,Sunderland,2025-04-01,yes,E08000024,Sunderland,E23000007,no,Codes agree; boundary footprint and LSOA membership still unverified,Unverified,no,https://services1.arcgis.com/ESMARspQHYMw9BZ9/arcgis/rest/services/LAD25_CSP25_PFA25_EW_LU/FeatureServer/0/query?where=1%3D1&outFields=*&returnGeometry=false&f=json,2026-09-05T16:12:38.925293+00:00,91b2f04797e3f9aa6d3c3c772e5474326219e2288462628fb554235f83b7d4cf,https://www.arcgis.com/sharing/rest/content/items/8f77bda25c124e43aca5f3b90494e405?f=json,2026-09-05T16:12:38.429874+00:00,b19220190c40bdeca097f2d963149b6c0494e7065a235a9428bd0ec9a1cd16db
swansea,W06000011,W14000011,Swansea,2025-04-01,yes,W06000011,Swansea,W15000003,no,Codes agree; boundary footprint and LSOA membership still unverified,Unverified,no,https://services1.arcgis.com/ESMARspQHYMw9BZ9/arcgis/rest/services/LAD25_CSP25_PFA25_EW_LU/FeatureServer/0/query?where=1%3D1&outFields=*&returnGeometry=false&f=json,2026-09-05T16:12:38.925293+00:00,91b2f04797e3f9aa6d3c3c772e5474326219e2288462628fb554235f83b7d4cf,https://www.arcgis.com/sharing/rest/content/items/8f77bda25c124e43aca5f3b90494e405?f=json,2026-09-05T16:12:38.429874+00:00,b19220190c40bdeca097f2d963149b6c0494e7065a235a9428bd0ec9a1cd16db
swindon,E06000030,E22000350,Swindon,2025-04-01,yes,E06000030,Swindon,E23000038,no,Codes agree; boundary footprint and LSOA membership still unverified,Unverified,no,https://services1.arcgis.com/ESMARspQHYMw9BZ9/arcgis/rest/services/LAD25_CSP25_PFA25_EW_LU/FeatureServer/0/query?where=1%3D1&outFields=*&returnGeometry=false&f=json,2026-09-05T16:12:38.925293+00:00,91b2f04797e3f9aa6d3c3c772e5474326219e2288462628fb554235f83b7d4cf,https://www.arcgis.com/sharing/rest/content/items/8f77bda25c124e43aca5f3b90494e405?f=json,2026-09-05T16:12:38.429874+00:00,b19220190c40bdeca097f2d963149b6c0494e7065a235a9428bd0ec9a1cd16db
telford,E06000020,E22000333,Telford and Wrekin,2025-04-01,yes,E06000020,Telford and Wrekin,E23000016,no,Codes agree; boundary footprint and LSOA membership still unverified,Unverified,no,https://services1.arcgis.com/ESMARspQHYMw9BZ9/arcgis/rest/services/LAD25_CSP25_PFA25_EW_LU/FeatureServer/0/query?where=1%3D1&outFields=*&returnGeometry=false&f=json,2026-09-05T16:12:38.925293+00:00,91b2f04797e3f9aa6d3c3c772e5474326219e2288462628fb554235f83b7d4cf,https://www.arcgis.com/sharing/rest/content/items/8f77bda25c124e43aca5f3b90494e405?f=json,2026-09-05T16:12:38.429874+00:00,b19220190c40bdeca097f2d963149b6c0494e7065a235a9428bd0ec9a1cd16db
torbay,E06000027,E22000060,Torbay,2025-04-01,yes,E06000027,Torbay,E23000035,no,Codes agree; boundary footprint and LSOA membership still unverified,Unverified,no,https://services1.arcgis.com/ESMARspQHYMw9BZ9/arcgis/rest/services/LAD25_CSP25_PFA25_EW_LU/FeatureServer/0/query?where=1%3D1&outFields=*&returnGeometry=false&f=json,2026-09-05T16:12:38.925293+00:00,91b2f04797e3f9aa6d3c3c772e5474326219e2288462628fb554235f83b7d4cf,https://www.arcgis.com/sharing/rest/content/items/8f77bda25c124e43aca5f3b90494e405?f=json,2026-09-05T16:12:38.429874+00:00,b19220190c40bdeca097f2d963149b6c0494e7065a235a9428bd0ec9a1cd16db
wakefield,E08000036,E22000346,Wakefield,2025-04-01,yes,E08000036,Wakefield,E23000010,no,Codes agree; boundary footprint and LSOA membership still unverified,Unverified,no,https://services1.arcgis.com/ESMARspQHYMw9BZ9/arcgis/rest/services/LAD25_CSP25_PFA25_EW_LU/FeatureServer/0/query?where=1%3D1&outFields=*&returnGeometry=false&f=json,2026-09-05T16:12:38.925293+00:00,91b2f04797e3f9aa6d3c3c772e5474326219e2288462628fb554235f83b7d4cf,https://www.arcgis.com/sharing/rest/content/items/8f77bda25c124e43aca5f3b90494e405?f=json,2026-09-05T16:12:38.429874+00:00,b19220190c40bdeca097f2d963149b6c0494e7065a235a9428bd0ec9a1cd16db
walsall,E08000030,E22000340,Walsall,2025-04-01,yes,E08000030,Walsall,E23000014,no,Codes agree; boundary footprint and LSOA membership still unverified,Unverified,no,https://services1.arcgis.com/ESMARspQHYMw9BZ9/arcgis/rest/services/LAD25_CSP25_PFA25_EW_LU/FeatureServer/0/query?where=1%3D1&outFields=*&returnGeometry=false&f=json,2026-09-05T16:12:38.925293+00:00,91b2f04797e3f9aa6d3c3c772e5474326219e2288462628fb554235f83b7d4cf,https://www.arcgis.com/sharing/rest/content/items/8f77bda25c124e43aca5f3b90494e405?f=json,2026-09-05T16:12:38.429874+00:00,b19220190c40bdeca097f2d963149b6c0494e7065a235a9428bd0ec9a1cd16db
warrington,E06000007,E22000026,Warrington,2025-04-01,yes,E06000007,Warrington,E23000006,no,Codes agree; boundary footprint and LSOA membership still unverified,Unverified,no,https://services1.arcgis.com/ESMARspQHYMw9BZ9/arcgis/rest/services/LAD25_CSP25_PFA25_EW_LU/FeatureServer/0/query?where=1%3D1&outFields=*&returnGeometry=false&f=json,2026-09-05T16:12:38.925293+00:00,91b2f04797e3f9aa6d3c3c772e5474326219e2288462628fb554235f83b7d4cf,https://www.arcgis.com/sharing/rest/content/items/8f77bda25c124e43aca5f3b90494e405?f=json,2026-09-05T16:12:38.429874+00:00,b19220190c40bdeca097f2d963149b6c0494e7065a235a9428bd0ec9a1cd16db
wigan,E08000010,E22000108,Wigan,2025-04-01,yes,E08000010,Wigan,E23000005,no,Codes agree; boundary footprint and LSOA membership still unverified,Unverified,no,https://services1.arcgis.com/ESMARspQHYMw9BZ9/arcgis/rest/services/LAD25_CSP25_PFA25_EW_LU/FeatureServer/0/query?where=1%3D1&outFields=*&returnGeometry=false&f=json,2026-09-05T16:12:38.925293+00:00,91b2f04797e3f9aa6d3c3c772e5474326219e2288462628fb554235f83b7d4cf,https://www.arcgis.com/sharing/rest/content/items/8f77bda25c124e43aca5f3b90494e405?f=json,2026-09-05T16:12:38.429874+00:00,b19220190c40bdeca097f2d963149b6c0494e7065a235a9428bd0ec9a1cd16db
wolverhampton,E08000031,E22000341,Wolverhampton,2025-04-01,yes,E08000031,Wolverhampton,E23000014,no,Codes agree; boundary footprint and LSOA membership still unverified,Unverified,no,https://services1.arcgis.com/ESMARspQHYMw9BZ9/arcgis/rest/services/LAD25_CSP25_PFA25_EW_LU/FeatureServer/0/query?where=1%3D1&outFields=*&returnGeometry=false&f=json,2026-09-05T16:12:38.925293+00:00,91b2f04797e3f9aa6d3c3c772e5474326219e2288462628fb554235f83b7d4cf,https://www.arcgis.com/sharing/rest/content/items/8f77bda25c124e43aca5f3b90494e405?f=json,2026-09-05T16:12:38.429874+00:00,b19220190c40bdeca097f2d963149b6c0494e7065a235a9428bd0ec9a1cd16db
worcester,E07000237,E22000332,South Worcester,2025-04-01,yes,E07000235 | E07000237 | E07000238,Malvern Hills | Worcester | Wychavon,E23000016,no,Codes agree; boundary footprint and LSOA membership still unverified,Unverified,no,https://services1.arcgis.com/ESMARspQHYMw9BZ9/arcgis/rest/services/LAD25_CSP25_PFA25_EW_LU/FeatureServer/0/query?where=1%3D1&outFields=*&returnGeometry=false&f=json,2026-09-05T16:12:38.925293+00:00,91b2f04797e3f9aa6d3c3c772e5474326219e2288462628fb554235f83b7d4cf,https://www.arcgis.com/sharing/rest/content/items/8f77bda25c124e43aca5f3b90494e405?f=json,2026-09-05T16:12:38.429874+00:00,b19220190c40bdeca097f2d963149b6c0494e7065a235a9428bd0ec9a1cd16db
wrexham,W06000006,W14000006,Wrexham,2025-04-01,yes,W06000006,Wrexham,W15000001,no,Codes agree; boundary footprint and LSOA membership still unverified,Unverified,no,https://services1.arcgis.com/ESMARspQHYMw9BZ9/arcgis/rest/services/LAD25_CSP25_PFA25_EW_LU/FeatureServer/0/query?where=1%3D1&outFields=*&returnGeometry=false&f=json,2026-09-05T16:12:38.925293+00:00,91b2f04797e3f9aa6d3c3c772e5474326219e2288462628fb554235f83b7d4cf,https://www.arcgis.com/sharing/rest/content/items/8f77bda25c124e43aca5f3b90494e405?f=json,2026-09-05T16:12:38.429874+00:00,b19220190c40bdeca097f2d963149b6c0494e7065a235a9428bd0ec9a1cd16db
bristol,E06000023,E22000002,"Bristol, City of",2025-04-01,yes,E06000023,"Bristol, City of",E23000036,no,Codes agree; boundary footprint and LSOA membership still unverified,Unverified,no,https://services1.arcgis.com/ESMARspQHYMw9BZ9/arcgis/rest/services/LAD25_CSP25_PFA25_EW_LU/FeatureServer/0/query?where=1%3D1&outFields=*&returnGeometry=false&f=json,2026-09-05T16:12:38.925293+00:00,91b2f04797e3f9aa6d3c3c772e5474326219e2288462628fb554235f83b7d4cf,https://www.arcgis.com/sharing/rest/content/items/8f77bda25c124e43aca5f3b90494e405?f=json,2026-09-05T16:12:38.429874+00:00,b19220190c40bdeca097f2d963149b6c0494e7065a235a9428bd0ec9a1cd16db
southampton,E06000045,E22000120,Southampton,2025-04-01,yes,E06000045,Southampton,E23000030,no,Codes agree; boundary footprint and LSOA membership still unverified,Unverified,no,https://services1.arcgis.com/ESMARspQHYMw9BZ9/arcgis/rest/services/LAD25_CSP25_PFA25_EW_LU/FeatureServer/0/query?where=1%3D1&outFields=*&returnGeometry=false&f=json,2026-09-05T16:12:38.925293+00:00,91b2f04797e3f9aa6d3c3c772e5474326219e2288462628fb554235f83b7d4cf,https://www.arcgis.com/sharing/rest/content/items/8f77bda25c124e43aca5f3b90494e405?f=json,2026-09-05T16:12:38.429874+00:00,b19220190c40bdeca097f2d963149b6c0494e7065a235a9428bd0ec9a1cd16db
bournemouth-poole,E06000058,E22000367,Dorset,2025-04-01,yes,E06000058 | E06000059,"Bournemouth, Christchurch and Poole | Dorset",E23000039,yes,LA contains multiple CSPs; LA-only LSOA join is ambiguous,Unverified,no,https://services1.arcgis.com/ESMARspQHYMw9BZ9/arcgis/rest/services/LAD25_CSP25_PFA25_EW_LU/FeatureServer/0/query?where=1%3D1&outFields=*&returnGeometry=false&f=json,2026-09-05T16:12:38.925293+00:00,91b2f04797e3f9aa6d3c3c772e5474326219e2288462628fb554235f83b7d4cf,https://www.arcgis.com/sharing/rest/content/items/8f77bda25c124e43aca5f3b90494e405?f=json,2026-09-05T16:12:38.429874+00:00,b19220190c40bdeca097f2d963149b6c0494e7065a235a9428bd0ec9a1cd16db
brighton-hove,E06000043,E22000292,Brighton and Hove,2025-04-01,yes,E06000043,Brighton and Hove,E23000033,no,Codes agree; boundary footprint and LSOA membership still unverified,Unverified,no,https://services1.arcgis.com/ESMARspQHYMw9BZ9/arcgis/rest/services/LAD25_CSP25_PFA25_EW_LU/FeatureServer/0/query?where=1%3D1&outFields=*&returnGeometry=false&f=json,2026-09-05T16:12:38.925293+00:00,91b2f04797e3f9aa6d3c3c772e5474326219e2288462628fb554235f83b7d4cf,https://www.arcgis.com/sharing/rest/content/items/8f77bda25c124e43aca5f3b90494e405?f=json,2026-09-05T16:12:38.429874+00:00,b19220190c40bdeca097f2d963149b6c0494e7065a235a9428bd0ec9a1cd16db
exeter,E07000041,E22000049,Exeter,2025-04-01,yes,E07000041,Exeter,E23000035,no,Codes agree; boundary footprint and LSOA membership still unverified,Unverified,no,https://services1.arcgis.com/ESMARspQHYMw9BZ9/arcgis/rest/services/LAD25_CSP25_PFA25_EW_LU/FeatureServer/0/query?where=1%3D1&outFields=*&returnGeometry=false&f=json,2026-09-05T16:12:38.925293+00:00,91b2f04797e3f9aa6d3c3c772e5474326219e2288462628fb554235f83b7d4cf,https://www.arcgis.com/sharing/rest/content/items/8f77bda25c124e43aca5f3b90494e405?f=json,2026-09-05T16:12:38.429874+00:00,b19220190c40bdeca097f2d963149b6c0494e7065a235a9428bd0ec9a1cd16db
reading,E06000038,E22000309,Reading,2025-04-01,yes,E06000038,Reading,E23000029,no,Codes agree; boundary footprint and LSOA membership still unverified,Unverified,no,https://services1.arcgis.com/ESMARspQHYMw9BZ9/arcgis/rest/services/LAD25_CSP25_PFA25_EW_LU/FeatureServer/0/query?where=1%3D1&outFields=*&returnGeometry=false&f=json,2026-09-05T16:12:38.925293+00:00,91b2f04797e3f9aa6d3c3c772e5474326219e2288462628fb554235f83b7d4cf,https://www.arcgis.com/sharing/rest/content/items/8f77bda25c124e43aca5f3b90494e405?f=json,2026-09-05T16:12:38.429874+00:00,b19220190c40bdeca097f2d963149b6c0494e7065a235a9428bd0ec9a1cd16db
milton-keynes,E06000042,E22000307,Milton Keynes,2025-04-01,yes,E06000042,Milton Keynes,E23000029,no,Codes agree; boundary footprint and LSOA membership still unverified,Unverified,no,https://services1.arcgis.com/ESMARspQHYMw9BZ9/arcgis/rest/services/LAD25_CSP25_PFA25_EW_LU/FeatureServer/0/query?where=1%3D1&outFields=*&returnGeometry=false&f=json,2026-09-05T16:12:38.925293+00:00,91b2f04797e3f9aa6d3c3c772e5474326219e2288462628fb554235f83b7d4cf,https://www.arcgis.com/sharing/rest/content/items/8f77bda25c124e43aca5f3b90494e405?f=json,2026-09-05T16:12:38.429874+00:00,b19220190c40bdeca097f2d963149b6c0494e7065a235a9428bd0ec9a1cd16db
luton,E06000032,E22000010,Luton,2025-04-01,yes,E06000032,Luton,E23000026,no,Codes agree; boundary footprint and LSOA membership still unverified,Unverified,no,https://services1.arcgis.com/ESMARspQHYMw9BZ9/arcgis/rest/services/LAD25_CSP25_PFA25_EW_LU/FeatureServer/0/query?where=1%3D1&outFields=*&returnGeometry=false&f=json,2026-09-05T16:12:38.925293+00:00,91b2f04797e3f9aa6d3c3c772e5474326219e2288462628fb554235f83b7d4cf,https://www.arcgis.com/sharing/rest/content/items/8f77bda25c124e43aca5f3b90494e405?f=json,2026-09-05T16:12:38.429874+00:00,b19220190c40bdeca097f2d963149b6c0494e7065a235a9428bd0ec9a1cd16db
southend-on-sea,E06000033,E22000089,Southend-on-Sea,2025-04-01,yes,E06000033,Southend-on-Sea,E23000028,no,Codes agree; boundary footprint and LSOA membership still unverified,Unverified,no,https://services1.arcgis.com/ESMARspQHYMw9BZ9/arcgis/rest/services/LAD25_CSP25_PFA25_EW_LU/FeatureServer/0/query?where=1%3D1&outFields=*&returnGeometry=false&f=json,2026-09-05T16:12:38.925293+00:00,91b2f04797e3f9aa6d3c3c772e5474326219e2288462628fb554235f83b7d4cf,https://www.arcgis.com/sharing/rest/content/items/8f77bda25c124e43aca5f3b90494e405?f=json,2026-09-05T16:12:38.429874+00:00,b19220190c40bdeca097f2d963149b6c0494e7065a235a9428bd0ec9a1cd16db
cambridge,E07000008,E22000013,Cambridge,2025-04-01,yes,E07000008,Cambridge,E23000023,no,Codes agree; boundary footprint and LSOA membership still unverified,Unverified,no,https://services1.arcgis.com/ESMARspQHYMw9BZ9/arcgis/rest/services/LAD25_CSP25_PFA25_EW_LU/FeatureServer/0/query?where=1%3D1&outFields=*&returnGeometry=false&f=json,2026-09-05T16:12:38.925293+00:00,91b2f04797e3f9aa6d3c3c772e5474326219e2288462628fb554235f83b7d4cf,https://www.arcgis.com/sharing/rest/content/items/8f77bda25c124e43aca5f3b90494e405?f=json,2026-09-05T16:12:38.429874+00:00,b19220190c40bdeca097f2d963149b6c0494e7065a235a9428bd0ec9a1cd16db
colchester,E07000071,E22000084,Colchester,2025-04-01,yes,E07000071,Colchester,E23000028,no,Codes agree; boundary footprint and LSOA membership still unverified,Unverified,no,https://services1.arcgis.com/ESMARspQHYMw9BZ9/arcgis/rest/services/LAD25_CSP25_PFA25_EW_LU/FeatureServer/0/query?where=1%3D1&outFields=*&returnGeometry=false&f=json,2026-09-05T16:12:38.925293+00:00,91b2f04797e3f9aa6d3c3c772e5474326219e2288462628fb554235f83b7d4cf,https://www.arcgis.com/sharing/rest/content/items/8f77bda25c124e43aca5f3b90494e405?f=json,2026-09-05T16:12:38.429874+00:00,b19220190c40bdeca097f2d963149b6c0494e7065a235a9428bd0ec9a1cd16db
oxford,E07000178,E22000308,Oxford,2025-04-01,yes,E07000178,Oxford,E23000029,no,Codes agree; boundary footprint and LSOA membership still unverified,Unverified,no,https://services1.arcgis.com/ESMARspQHYMw9BZ9/arcgis/rest/services/LAD25_CSP25_PFA25_EW_LU/FeatureServer/0/query?where=1%3D1&outFields=*&returnGeometry=false&f=json,2026-09-05T16:12:38.925293+00:00,91b2f04797e3f9aa6d3c3c772e5474326219e2288462628fb554235f83b7d4cf,https://www.arcgis.com/sharing/rest/content/items/8f77bda25c124e43aca5f3b90494e405?f=json,2026-09-05T16:12:38.429874+00:00,b19220190c40bdeca097f2d963149b6c0494e7065a235a9428bd0ec9a1cd16db
bath,E06000022,E22000001,Bath and North East Somerset,2025-04-01,yes,E06000022,Bath and North East Somerset,E23000036,no,Codes agree; boundary footprint and LSOA membership still unverified,Unverified,no,https://services1.arcgis.com/ESMARspQHYMw9BZ9/arcgis/rest/services/LAD25_CSP25_PFA25_EW_LU/FeatureServer/0/query?where=1%3D1&outFields=*&returnGeometry=false&f=json,2026-09-05T16:12:38.925293+00:00,91b2f04797e3f9aa6d3c3c772e5474326219e2288462628fb554235f83b7d4cf,https://www.arcgis.com/sharing/rest/content/items/8f77bda25c124e43aca5f3b90494e405?f=json,2026-09-05T16:12:38.429874+00:00,b19220190c40bdeca097f2d963149b6c0494e7065a235a9428bd0ec9a1cd16db
bridgend,W06000013,W14000013,Bridgend,2025-04-01,yes,W06000013,Bridgend,W15000003,no,Codes agree; boundary footprint and LSOA membership still unverified,Unverified,no,https://services1.arcgis.com/ESMARspQHYMw9BZ9/arcgis/rest/services/LAD25_CSP25_PFA25_EW_LU/FeatureServer/0/query?where=1%3D1&outFields=*&returnGeometry=false&f=json,2026-09-05T16:12:38.925293+00:00,91b2f04797e3f9aa6d3c3c772e5474326219e2288462628fb554235f83b7d4cf,https://www.arcgis.com/sharing/rest/content/items/8f77bda25c124e43aca5f3b90494e405?f=json,2026-09-05T16:12:38.429874+00:00,b19220190c40bdeca097f2d963149b6c0494e7065a235a9428bd0ec9a1cd16db
llanelli,W06000010,W14000010,Carmarthenshire,2025-04-01,yes,W06000010,Carmarthenshire,W15000004,no,Codes agree; boundary footprint and LSOA membership still unverified,Unverified,no,https://services1.arcgis.com/ESMARspQHYMw9BZ9/arcgis/rest/services/LAD25_CSP25_PFA25_EW_LU/FeatureServer/0/query?where=1%3D1&outFields=*&returnGeometry=false&f=json,2026-09-05T16:12:38.925293+00:00,91b2f04797e3f9aa6d3c3c772e5474326219e2288462628fb554235f83b7d4cf,https://www.arcgis.com/sharing/rest/content/items/8f77bda25c124e43aca5f3b90494e405?f=json,2026-09-05T16:12:38.429874+00:00,b19220190c40bdeca097f2d963149b6c0494e7065a235a9428bd0ec9a1cd16db
bangor,W06000002,W14000002,Gwynedd,2025-04-01,yes,W06000002,Gwynedd,W15000001,no,Codes agree; boundary footprint and LSOA membership still unverified,Unverified,no,https://services1.arcgis.com/ESMARspQHYMw9BZ9/arcgis/rest/services/LAD25_CSP25_PFA25_EW_LU/FeatureServer/0/query?where=1%3D1&outFields=*&returnGeometry=false&f=json,2026-09-05T16:12:38.925293+00:00,91b2f04797e3f9aa6d3c3c772e5474326219e2288462628fb554235f83b7d4cf,https://www.arcgis.com/sharing/rest/content/items/8f77bda25c124e43aca5f3b90494e405?f=json,2026-09-05T16:12:38.429874+00:00,b19220190c40bdeca097f2d963149b6c0494e7065a235a9428bd0ec9a1cd16db
rhyl,W06000004,W14000004,Denbighshire,2025-04-01,yes,W06000004,Denbighshire,W15000001,no,Codes agree; boundary footprint and LSOA membership still unverified,Unverified,no,https://services1.arcgis.com/ESMARspQHYMw9BZ9/arcgis/rest/services/LAD25_CSP25_PFA25_EW_LU/FeatureServer/0/query?where=1%3D1&outFields=*&returnGeometry=false&f=json,2026-09-05T16:12:38.925293+00:00,91b2f04797e3f9aa6d3c3c772e5474326219e2288462628fb554235f83b7d4cf,https://www.arcgis.com/sharing/rest/content/items/8f77bda25c124e43aca5f3b90494e405?f=json,2026-09-05T16:12:38.429874+00:00,b19220190c40bdeca097f2d963149b6c0494e7065a235a9428bd0ec9a1cd16db
york,E06000014,E22000371,City of York,2025-04-01,yes,E06000014,York,E23000009,no,Codes agree; boundary footprint and LSOA membership still unverified,Unverified,no,https://services1.arcgis.com/ESMARspQHYMw9BZ9/arcgis/rest/services/LAD25_CSP25_PFA25_EW_LU/FeatureServer/0/query?where=1%3D1&outFields=*&returnGeometry=false&f=json,2026-09-05T16:12:38.925293+00:00,91b2f04797e3f9aa6d3c3c772e5474326219e2288462628fb554235f83b7d4cf,https://www.arcgis.com/sharing/rest/content/items/8f77bda25c124e43aca5f3b90494e405?f=json,2026-09-05T16:12:38.429874+00:00,b19220190c40bdeca097f2d963149b6c0494e7065a235a9428bd0ec9a1cd16db
durham,E06000047,E22000365,County Durham,2025-04-01,yes,E06000047,County Durham,E23000008,no,Codes agree; boundary footprint and LSOA membership still unverified,Unverified,no,https://services1.arcgis.com/ESMARspQHYMw9BZ9/arcgis/rest/services/LAD25_CSP25_PFA25_EW_LU/FeatureServer/0/query?where=1%3D1&outFields=*&returnGeometry=false&f=json,2026-09-05T16:12:38.925293+00:00,91b2f04797e3f9aa6d3c3c772e5474326219e2288462628fb554235f83b7d4cf,https://www.arcgis.com/sharing/rest/content/items/8f77bda25c124e43aca5f3b90494e405?f=json,2026-09-05T16:12:38.429874+00:00,b19220190c40bdeca097f2d963149b6c0494e7065a235a9428bd0ec9a1cd16db
