force_code,force_name,category,period_start,period_end,force_count,unallocated_count,unallocated_percent,material_threshold_percent,review_status,represented_locations,evidence_id,source_url,retrieval_date,source_sha256,source_cells
E23000003,Lancashire,sexual_offences,2025-04-01,2026-03-31,5950,183,3.076,5.000,Below 5%; retain for review,blackburn | blackpool | burnley | lancaster | preston,CRIME-ONS-2026-CSP,https://www.ons.gov.uk/file?uri=/peoplepopulationandcommunity/crimeandjustice/datasets/policeforceareadatatables/yearendingmarch2026/pfatablesyemarch2026.xlsx,2026-09-05,27d7884ef0e07dad01e602e48a430871ea2db1f558dbaa496e1f1f22e06c307f,Force total and named CSP rows in Table C2
E23000003,Lancashire,violence_against_person,2025-04-01,2026-03-31,56236,980,1.743,5.000,Below 5%; retain for review,blackburn | blackpool | burnley | lancaster | preston,CRIME-ONS-2026-CSP,https://www.ons.gov.uk/file?uri=/peoplepopulationandcommunity/crimeandjustice/datasets/policeforceareadatatables/yearendingmarch2026/pfatablesyemarch2026.xlsx,2026-09-05,27d7884ef0e07dad01e602e48a430871ea2db1f558dbaa496e1f1f22e06c307f,Force total and named CSP rows in Table C2
E23000004,Merseyside,sexual_offences,2025-04-01,2026-03-31,4984,56,1.124,5.000,Below 5%; retain for review,liverpool | st-helens,CRIME-ONS-2026-CSP,https://www.ons.gov.uk/file?uri=/peoplepopulationandcommunity/crimeandjustice/datasets/policeforceareadatatables/yearendingmarch2026/pfatablesyemarch2026.xlsx,2026-09-05,27d7884ef0e07dad01e602e48a430871ea2db1f558dbaa496e1f1f22e06c307f,Force total and named CSP rows in Table C2
E23000004,Merseyside,violence_against_person,2025-04-01,2026-03-31,55326,71,0.128,5.000,Below 5%; retain for review,liverpool | st-helens,CRIME-ONS-2026-CSP,https://www.ons.gov.uk/file?uri=/peoplepopulationandcommunity/crimeandjustice/datasets/policeforceareadatatables/yearendingmarch2026/pfatablesyemarch2026.xlsx,2026-09-05,27d7884ef0e07dad01e602e48a430871ea2db1f558dbaa496e1f1f22e06c307f,Force total and named CSP rows in Table C2
E23000005,Greater Manchester,sexual_offences,2025-04-01,2026-03-31,12751,23,0.180,5.000,Below 5%; retain for review,bolton | manchester | salford | stockport | wigan,CRIME-ONS-2026-CSP,https://www.ons.gov.uk/file?uri=/peoplepopulationandcommunity/crimeandjustice/datasets/policeforceareadatatables/yearendingmarch2026/pfatablesyemarch2026.xlsx,2026-09-05,27d7884ef0e07dad01e602e48a430871ea2db1f558dbaa496e1f1f22e06c307f,Force total and named CSP rows in Table C2
E23000005,Greater Manchester,violence_against_person,2025-04-01,2026-03-31,125640,205,0.163,5.000,Below 5%; retain for review,bolton | manchester | salford | stockport | wigan,CRIME-ONS-2026-CSP,https://www.ons.gov.uk/file?uri=/peoplepopulationandcommunity/crimeandjustice/datasets/policeforceareadatatables/yearendingmarch2026/pfatablesyemarch2026.xlsx,2026-09-05,27d7884ef0e07dad01e602e48a430871ea2db1f558dbaa496e1f1f22e06c307f,Force total and named CSP rows in Table C2
E23000006,Cheshire,sexual_offences,2025-04-01,2026-03-31,4133,65,1.573,5.000,Below 5%; retain for review,chester | warrington,CRIME-ONS-2026-CSP,https://www.ons.gov.uk/file?uri=/peoplepopulationandcommunity/crimeandjustice/datasets/policeforceareadatatables/yearendingmarch2026/pfatablesyemarch2026.xlsx,2026-09-05,27d7884ef0e07dad01e602e48a430871ea2db1f558dbaa496e1f1f22e06c307f,Force total and named CSP rows in Table C2
E23000006,Cheshire,violence_against_person,2025-04-01,2026-03-31,34480,77,0.223,5.000,Below 5%; retain for review,chester | warrington,CRIME-ONS-2026-CSP,https://www.ons.gov.uk/file?uri=/peoplepopulationandcommunity/crimeandjustice/datasets/policeforceareadatatables/yearendingmarch2026/pfatablesyemarch2026.xlsx,2026-09-05,27d7884ef0e07dad01e602e48a430871ea2db1f558dbaa496e1f1f22e06c307f,Force total and named CSP rows in Table C2
E23000007,Northumbria,sexual_offences,2025-04-01,2026-03-31,5861,110,1.877,5.000,Below 5%; retain for review,gateshead | newcastle-upon-tyne | sunderland,CRIME-ONS-2026-CSP,https://www.ons.gov.uk/file?uri=/peoplepopulationandcommunity/crimeandjustice/datasets/policeforceareadatatables/yearendingmarch2026/pfatablesyemarch2026.xlsx,2026-09-05,27d7884ef0e07dad01e602e48a430871ea2db1f558dbaa496e1f1f22e06c307f,Force total and named CSP rows in Table C2
E23000007,Northumbria,violence_against_person,2025-04-01,2026-03-31,49092,695,1.416,5.000,Below 5%; retain for review,gateshead | newcastle-upon-tyne | sunderland,CRIME-ONS-2026-CSP,https://www.ons.gov.uk/file?uri=/peoplepopulationandcommunity/crimeandjustice/datasets/policeforceareadatatables/yearendingmarch2026/pfatablesyemarch2026.xlsx,2026-09-05,27d7884ef0e07dad01e602e48a430871ea2db1f558dbaa496e1f1f22e06c307f,Force total and named CSP rows in Table C2
E23000008,Durham,sexual_offences,2025-04-01,2026-03-31,2536,66,2.603,5.000,Below 5%; retain for review,darlington | durham,CRIME-ONS-2026-CSP,https://www.ons.gov.uk/file?uri=/peoplepopulationandcommunity/crimeandjustice/datasets/policeforceareadatatables/yearendingmarch2026/pfatablesyemarch2026.xlsx,2026-09-05,27d7884ef0e07dad01e602e48a430871ea2db1f558dbaa496e1f1f22e06c307f,Force total and named CSP rows in Table C2
E23000008,Durham,violence_against_person,2025-04-01,2026-03-31,22999,186,0.809,5.000,Below 5%; retain for review,darlington | durham,CRIME-ONS-2026-CSP,https://www.ons.gov.uk/file?uri=/peoplepopulationandcommunity/crimeandjustice/datasets/policeforceareadatatables/yearendingmarch2026/pfatablesyemarch2026.xlsx,2026-09-05,27d7884ef0e07dad01e602e48a430871ea2db1f558dbaa496e1f1f22e06c307f,Force total and named CSP rows in Table C2
E23000009,North Yorkshire,sexual_offences,2025-04-01,2026-03-31,2244,17,0.758,5.000,Below 5%; retain for review,york,CRIME-ONS-2026-CSP,https://www.ons.gov.uk/file?uri=/peoplepopulationandcommunity/crimeandjustice/datasets/policeforceareadatatables/yearendingmarch2026/pfatablesyemarch2026.xlsx,2026-09-05,27d7884ef0e07dad01e602e48a430871ea2db1f558dbaa496e1f1f22e06c307f,Force total and named CSP rows in Table C2
E23000009,North Yorkshire,violence_against_person,2025-04-01,2026-03-31,17902,89,0.497,5.000,Below 5%; retain for review,york,CRIME-ONS-2026-CSP,https://www.ons.gov.uk/file?uri=/peoplepopulationandcommunity/crimeandjustice/datasets/policeforceareadatatables/yearendingmarch2026/pfatablesyemarch2026.xlsx,2026-09-05,27d7884ef0e07dad01e602e48a430871ea2db1f558dbaa496e1f1f22e06c307f,Force total and named CSP rows in Table C2
E23000010,West Yorkshire,sexual_offences,2025-04-01,2026-03-31,10639,6,0.056,5.000,Below 5%; retain for review,bradford | halifax | huddersfield | leeds | wakefield,CRIME-ONS-2026-CSP,https://www.ons.gov.uk/file?uri=/peoplepopulationandcommunity/crimeandjustice/datasets/policeforceareadatatables/yearendingmarch2026/pfatablesyemarch2026.xlsx,2026-09-05,27d7884ef0e07dad01e602e48a430871ea2db1f558dbaa496e1f1f22e06c307f,Force total and named CSP rows in Table C2
E23000010,West Yorkshire,violence_against_person,2025-04-01,2026-03-31,111552,6,0.005,5.000,Below 5%; retain for review,bradford | halifax | huddersfield | leeds | wakefield,CRIME-ONS-2026-CSP,https://www.ons.gov.uk/file?uri=/peoplepopulationandcommunity/crimeandjustice/datasets/policeforceareadatatables/yearendingmarch2026/pfatablesyemarch2026.xlsx,2026-09-05,27d7884ef0e07dad01e602e48a430871ea2db1f558dbaa496e1f1f22e06c307f,Force total and named CSP rows in Table C2
E23000011,South Yorkshire,sexual_offences,2025-04-01,2026-03-31,5705,389,6.819,5.000,Material; investigate before comparison,barnsley | doncaster | rotherham | sheffield,CRIME-ONS-2026-CSP,https://www.ons.gov.uk/file?uri=/peoplepopulationandcommunity/crimeandjustice/datasets/policeforceareadatatables/yearendingmarch2026/pfatablesyemarch2026.xlsx,2026-09-05,27d7884ef0e07dad01e602e48a430871ea2db1f558dbaa496e1f1f22e06c307f,Force total and named CSP rows in Table C2
E23000011,South Yorkshire,violence_against_person,2025-04-01,2026-03-31,54042,641,1.186,5.000,Below 5%; retain for review,barnsley | doncaster | rotherham | sheffield,CRIME-ONS-2026-CSP,https://www.ons.gov.uk/file?uri=/peoplepopulationandcommunity/crimeandjustice/datasets/policeforceareadatatables/yearendingmarch2026/pfatablesyemarch2026.xlsx,2026-09-05,27d7884ef0e07dad01e602e48a430871ea2db1f558dbaa496e1f1f22e06c307f,Force total and named CSP rows in Table C2
E23000012,Humberside,sexual_offences,2025-04-01,2026-03-31,3405,312,9.163,5.000,Material; investigate before comparison,hull-kingston-upon-hull,CRIME-ONS-2026-CSP,https://www.ons.gov.uk/file?uri=/peoplepopulationandcommunity/crimeandjustice/datasets/policeforceareadatatables/yearendingmarch2026/pfatablesyemarch2026.xlsx,2026-09-05,27d7884ef0e07dad01e602e48a430871ea2db1f558dbaa496e1f1f22e06c307f,Force total and named CSP rows in Table C2
E23000012,Humberside,violence_against_person,2025-04-01,2026-03-31,37886,3542,9.349,5.000,Material; investigate before comparison,hull-kingston-upon-hull,CRIME-ONS-2026-CSP,https://www.ons.gov.uk/file?uri=/peoplepopulationandcommunity/crimeandjustice/datasets/policeforceareadatatables/yearendingmarch2026/pfatablesyemarch2026.xlsx,2026-09-05,27d7884ef0e07dad01e602e48a430871ea2db1f558dbaa496e1f1f22e06c307f,Force total and named CSP rows in Table C2
E23000013,Cleveland,sexual_offences,2025-04-01,2026-03-31,3025,4,0.132,5.000,Below 5%; retain for review,hartlepool | middlesbrough | stockton-on-tees,CRIME-ONS-2026-CSP,https://www.ons.gov.uk/file?uri=/peoplepopulationandcommunity/crimeandjustice/datasets/policeforceareadatatables/yearendingmarch2026/pfatablesyemarch2026.xlsx,2026-09-05,27d7884ef0e07dad01e602e48a430871ea2db1f558dbaa496e1f1f22e06c307f,Force total and named CSP rows in Table C2
E23000013,Cleveland,violence_against_person,2025-04-01,2026-03-31,26600,5,0.019,5.000,Below 5%; retain for review,hartlepool | middlesbrough | stockton-on-tees,CRIME-ONS-2026-CSP,https://www.ons.gov.uk/file?uri=/peoplepopulationandcommunity/crimeandjustice/datasets/policeforceareadatatables/yearendingmarch2026/pfatablesyemarch2026.xlsx,2026-09-05,27d7884ef0e07dad01e602e48a430871ea2db1f558dbaa496e1f1f22e06c307f,Force total and named CSP rows in Table C2
E23000014,West Midlands,sexual_offences,2025-04-01,2026-03-31,12069,233,1.931,5.000,Below 5%; retain for review,birmingham | coventry | walsall | wolverhampton,CRIME-ONS-2026-CSP,https://www.ons.gov.uk/file?uri=/peoplepopulationandcommunity/crimeandjustice/datasets/policeforceareadatatables/yearendingmarch2026/pfatablesyemarch2026.xlsx,2026-09-05,27d7884ef0e07dad01e602e48a430871ea2db1f558dbaa496e1f1f22e06c307f,Force total and named CSP rows in Table C2
E23000014,West Midlands,violence_against_person,2025-04-01,2026-03-31,120341,1301,1.081,5.000,Below 5%; retain for review,birmingham | coventry | walsall | wolverhampton,CRIME-ONS-2026-CSP,https://www.ons.gov.uk/file?uri=/peoplepopulationandcommunity/crimeandjustice/datasets/policeforceareadatatables/yearendingmarch2026/pfatablesyemarch2026.xlsx,2026-09-05,27d7884ef0e07dad01e602e48a430871ea2db1f558dbaa496e1f1f22e06c307f,Force total and named CSP rows in Table C2
E23000015,Staffordshire,sexual_offences,2025-04-01,2026-03-31,4261,76,1.784,5.000,Below 5%; retain for review,burton-on-trent | stafford | stoke-on-trent,CRIME-ONS-2026-CSP,https://www.ons.gov.uk/file?uri=/peoplepopulationandcommunity/crimeandjustice/datasets/policeforceareadatatables/yearendingmarch2026/pfatablesyemarch2026.xlsx,2026-09-05,27d7884ef0e07dad01e602e48a430871ea2db1f558dbaa496e1f1f22e06c307f,Force total and named CSP rows in Table C2
E23000015,Staffordshire,violence_against_person,2025-04-01,2026-03-31,37896,450,1.187,5.000,Below 5%; retain for review,burton-on-trent | stafford | stoke-on-trent,CRIME-ONS-2026-CSP,https://www.ons.gov.uk/file?uri=/peoplepopulationandcommunity/crimeandjustice/datasets/policeforceareadatatables/yearendingmarch2026/pfatablesyemarch2026.xlsx,2026-09-05,27d7884ef0e07dad01e602e48a430871ea2db1f558dbaa496e1f1f22e06c307f,Force total and named CSP rows in Table C2
E23000016,West Mercia,sexual_offences,2025-04-01,2026-03-31,4063,54,1.329,5.000,Below 5%; retain for review,shrewsbury | telford | worcester,CRIME-ONS-2026-CSP,https://www.ons.gov.uk/file?uri=/peoplepopulationandcommunity/crimeandjustice/datasets/policeforceareadatatables/yearendingmarch2026/pfatablesyemarch2026.xlsx,2026-09-05,27d7884ef0e07dad01e602e48a430871ea2db1f558dbaa496e1f1f22e06c307f,Force total and named CSP rows in Table C2
E23000016,West Mercia,violence_against_person,2025-04-01,2026-03-31,33286,308,0.925,5.000,Below 5%; retain for review,shrewsbury | telford | worcester,CRIME-ONS-2026-CSP,https://www.ons.gov.uk/file?uri=/peoplepopulationandcommunity/crimeandjustice/datasets/policeforceareadatatables/yearendingmarch2026/pfatablesyemarch2026.xlsx,2026-09-05,27d7884ef0e07dad01e602e48a430871ea2db1f558dbaa496e1f1f22e06c307f,Force total and named CSP rows in Table C2
E23000018,Derbyshire,sexual_offences,2025-04-01,2026-03-31,3886,63,1.621,5.000,Below 5%; retain for review,chesterfield | derby,CRIME-ONS-2026-CSP,https://www.ons.gov.uk/file?uri=/peoplepopulationandcommunity/crimeandjustice/datasets/policeforceareadatatables/yearendingmarch2026/pfatablesyemarch2026.xlsx,2026-09-05,27d7884ef0e07dad01e602e48a430871ea2db1f558dbaa496e1f1f22e06c307f,Force total and named CSP rows in Table C2
E23000018,Derbyshire,violence_against_person,2025-04-01,2026-03-31,36884,359,0.973,5.000,Below 5%; retain for review,chesterfield | derby,CRIME-ONS-2026-CSP,https://www.ons.gov.uk/file?uri=/peoplepopulationandcommunity/crimeandjustice/datasets/policeforceareadatatables/yearendingmarch2026/pfatablesyemarch2026.xlsx,2026-09-05,27d7884ef0e07dad01e602e48a430871ea2db1f558dbaa496e1f1f22e06c307f,Force total and named CSP rows in Table C2
E23000019,Nottinghamshire,sexual_offences,2025-04-01,2026-03-31,4447,106,2.384,5.000,Below 5%; retain for review,nottingham,CRIME-ONS-2026-CSP,https://www.ons.gov.uk/file?uri=/peoplepopulationandcommunity/crimeandjustice/datasets/policeforceareadatatables/yearendingmarch2026/pfatablesyemarch2026.xlsx,2026-09-05,27d7884ef0e07dad01e602e48a430871ea2db1f558dbaa496e1f1f22e06c307f,Force total and named CSP rows in Table C2
E23000019,Nottinghamshire,violence_against_person,2025-04-01,2026-03-31,35528,470,1.323,5.000,Below 5%; retain for review,nottingham,CRIME-ONS-2026-CSP,https://www.ons.gov.uk/file?uri=/peoplepopulationandcommunity/crimeandjustice/datasets/policeforceareadatatables/yearendingmarch2026/pfatablesyemarch2026.xlsx,2026-09-05,27d7884ef0e07dad01e602e48a430871ea2db1f558dbaa496e1f1f22e06c307f,Force total and named CSP rows in Table C2
E23000020,Lincolnshire,sexual_offences,2025-04-01,2026-03-31,2796,14,0.501,5.000,Below 5%; retain for review,lincoln,CRIME-ONS-2026-CSP,https://www.ons.gov.uk/file?uri=/peoplepopulationandcommunity/crimeandjustice/datasets/policeforceareadatatables/yearendingmarch2026/pfatablesyemarch2026.xlsx,2026-09-05,27d7884ef0e07dad01e602e48a430871ea2db1f558dbaa496e1f1f22e06c307f,Force total and named CSP rows in Table C2
E23000020,Lincolnshire,violence_against_person,2025-04-01,2026-03-31,22114,22,0.099,5.000,Below 5%; retain for review,lincoln,CRIME-ONS-2026-CSP,https://www.ons.gov.uk/file?uri=/peoplepopulationandcommunity/crimeandjustice/datasets/policeforceareadatatables/yearendingmarch2026/pfatablesyemarch2026.xlsx,2026-09-05,27d7884ef0e07dad01e602e48a430871ea2db1f558dbaa496e1f1f22e06c307f,Force total and named CSP rows in Table C2
E23000021,Leicestershire,sexual_offences,2025-04-01,2026-03-31,3948,160,4.053,5.000,Below 5%; retain for review,leicester | loughborough,CRIME-ONS-2026-CSP,https://www.ons.gov.uk/file?uri=/peoplepopulationandcommunity/crimeandjustice/datasets/policeforceareadatatables/yearendingmarch2026/pfatablesyemarch2026.xlsx,2026-09-05,27d7884ef0e07dad01e602e48a430871ea2db1f558dbaa496e1f1f22e06c307f,Force total and named CSP rows in Table C2
E23000021,Leicestershire,violence_against_person,2025-04-01,2026-03-31,33355,668,2.003,5.000,Below 5%; retain for review,leicester | loughborough,CRIME-ONS-2026-CSP,https://www.ons.gov.uk/file?uri=/peoplepopulationandcommunity/crimeandjustice/datasets/policeforceareadatatables/yearendingmarch2026/pfatablesyemarch2026.xlsx,2026-09-05,27d7884ef0e07dad01e602e48a430871ea2db1f558dbaa496e1f1f22e06c307f,Force total and named CSP rows in Table C2
E23000022,Northamptonshire,sexual_offences,2025-04-01,2026-03-31,3069,68,2.216,5.000,Below 5%; retain for review,kettering | northampton,CRIME-ONS-2026-CSP,https://www.ons.gov.uk/file?uri=/peoplepopulationandcommunity/crimeandjustice/datasets/policeforceareadatatables/yearendingmarch2026/pfatablesyemarch2026.xlsx,2026-09-05,27d7884ef0e07dad01e602e48a430871ea2db1f558dbaa496e1f1f22e06c307f,Force total and named CSP rows in Table C2
E23000022,Northamptonshire,violence_against_person,2025-04-01,2026-03-31,22501,172,0.764,5.000,Below 5%; retain for review,kettering | northampton,CRIME-ONS-2026-CSP,https://www.ons.gov.uk/file?uri=/peoplepopulationandcommunity/crimeandjustice/datasets/policeforceareadatatables/yearendingmarch2026/pfatablesyemarch2026.xlsx,2026-09-05,27d7884ef0e07dad01e602e48a430871ea2db1f558dbaa496e1f1f22e06c307f,Force total and named CSP rows in Table C2
E23000023,Cambridgeshire,sexual_offences,2025-04-01,2026-03-31,3087,188,6.090,5.000,Material; investigate before comparison,cambridge | peterborough,CRIME-ONS-2026-CSP,https://www.ons.gov.uk/file?uri=/peoplepopulationandcommunity/crimeandjustice/datasets/policeforceareadatatables/yearendingmarch2026/pfatablesyemarch2026.xlsx,2026-09-05,27d7884ef0e07dad01e602e48a430871ea2db1f558dbaa496e1f1f22e06c307f,Force total and named CSP rows in Table C2
E23000023,Cambridgeshire,violence_against_person,2025-04-01,2026-03-31,26485,382,1.442,5.000,Below 5%; retain for review,cambridge | peterborough,CRIME-ONS-2026-CSP,https://www.ons.gov.uk/file?uri=/peoplepopulationandcommunity/crimeandjustice/datasets/policeforceareadatatables/yearendingmarch2026/pfatablesyemarch2026.xlsx,2026-09-05,27d7884ef0e07dad01e602e48a430871ea2db1f558dbaa496e1f1f22e06c307f,Force total and named CSP rows in Table C2
E23000024,Norfolk,sexual_offences,2025-04-01,2026-03-31,3355,49,1.461,5.000,Below 5%; retain for review,norwich,CRIME-ONS-2026-CSP,https://www.ons.gov.uk/file?uri=/peoplepopulationandcommunity/crimeandjustice/datasets/policeforceareadatatables/yearendingmarch2026/pfatablesyemarch2026.xlsx,2026-09-05,27d7884ef0e07dad01e602e48a430871ea2db1f558dbaa496e1f1f22e06c307f,Force total and named CSP rows in Table C2
E23000024,Norfolk,violence_against_person,2025-04-01,2026-03-31,24620,269,1.093,5.000,Below 5%; retain for review,norwich,CRIME-ONS-2026-CSP,https://www.ons.gov.uk/file?uri=/peoplepopulationandcommunity/crimeandjustice/datasets/policeforceareadatatables/yearendingmarch2026/pfatablesyemarch2026.xlsx,2026-09-05,27d7884ef0e07dad01e602e48a430871ea2db1f558dbaa496e1f1f22e06c307f,Force total and named CSP rows in Table C2
E23000025,Suffolk,sexual_offences,2025-04-01,2026-03-31,2654,66,2.487,5.000,Below 5%; retain for review,ipswich,CRIME-ONS-2026-CSP,https://www.ons.gov.uk/file?uri=/peoplepopulationandcommunity/crimeandjustice/datasets/policeforceareadatatables/yearendingmarch2026/pfatablesyemarch2026.xlsx,2026-09-05,27d7884ef0e07dad01e602e48a430871ea2db1f558dbaa496e1f1f22e06c307f,Force total and named CSP rows in Table C2
E23000025,Suffolk,violence_against_person,2025-04-01,2026-03-31,18203,239,1.313,5.000,Below 5%; retain for review,ipswich,CRIME-ONS-2026-CSP,https://www.ons.gov.uk/file?uri=/peoplepopulationandcommunity/crimeandjustice/datasets/policeforceareadatatables/yearendingmarch2026/pfatablesyemarch2026.xlsx,2026-09-05,27d7884ef0e07dad01e602e48a430871ea2db1f558dbaa496e1f1f22e06c307f,Force total and named CSP rows in Table C2
E23000026,Bedfordshire,sexual_offences,2025-04-01,2026-03-31,2290,203,8.865,5.000,Material; investigate before comparison,luton,CRIME-ONS-2026-CSP,https://www.ons.gov.uk/file?uri=/peoplepopulationandcommunity/crimeandjustice/datasets/policeforceareadatatables/yearendingmarch2026/pfatablesyemarch2026.xlsx,2026-09-05,27d7884ef0e07dad01e602e48a430871ea2db1f558dbaa496e1f1f22e06c307f,Force total and named CSP rows in Table C2
E23000026,Bedfordshire,violence_against_person,2025-04-01,2026-03-31,19200,666,3.469,5.000,Below 5%; retain for review,luton,CRIME-ONS-2026-CSP,https://www.ons.gov.uk/file?uri=/peoplepopulationandcommunity/crimeandjustice/datasets/policeforceareadatatables/yearendingmarch2026/pfatablesyemarch2026.xlsx,2026-09-05,27d7884ef0e07dad01e602e48a430871ea2db1f558dbaa496e1f1f22e06c307f,Force total and named CSP rows in Table C2
E23000028,Essex,sexual_offences,2025-04-01,2026-03-31,6170,315,5.105,5.000,Material; investigate before comparison,colchester | southend-on-sea,CRIME-ONS-2026-CSP,https://www.ons.gov.uk/file?uri=/peoplepopulationandcommunity/crimeandjustice/datasets/policeforceareadatatables/yearendingmarch2026/pfatablesyemarch2026.xlsx,2026-09-05,27d7884ef0e07dad01e602e48a430871ea2db1f558dbaa496e1f1f22e06c307f,Force total and named CSP rows in Table C2
E23000028,Essex,violence_against_person,2025-04-01,2026-03-31,58849,1111,1.888,5.000,Below 5%; retain for review,colchester | southend-on-sea,CRIME-ONS-2026-CSP,https://www.ons.gov.uk/file?uri=/peoplepopulationandcommunity/crimeandjustice/datasets/policeforceareadatatables/yearendingmarch2026/pfatablesyemarch2026.xlsx,2026-09-05,27d7884ef0e07dad01e602e48a430871ea2db1f558dbaa496e1f1f22e06c307f,Force total and named CSP rows in Table C2
E23000029,Thames Valley,sexual_offences,2025-04-01,2026-03-31,7345,128,1.743,5.000,Below 5%; retain for review,burford | milton-keynes | oxford | reading,CRIME-ONS-2026-CSP,https://www.ons.gov.uk/file?uri=/peoplepopulationandcommunity/crimeandjustice/datasets/policeforceareadatatables/yearendingmarch2026/pfatablesyemarch2026.xlsx,2026-09-05,27d7884ef0e07dad01e602e48a430871ea2db1f558dbaa496e1f1f22e06c307f,Force total and named CSP rows in Table C2
E23000029,Thames Valley,violence_against_person,2025-04-01,2026-03-31,63490,377,0.594,5.000,Below 5%; retain for review,burford | milton-keynes | oxford | reading,CRIME-ONS-2026-CSP,https://www.ons.gov.uk/file?uri=/peoplepopulationandcommunity/crimeandjustice/datasets/policeforceareadatatables/yearendingmarch2026/pfatablesyemarch2026.xlsx,2026-09-05,27d7884ef0e07dad01e602e48a430871ea2db1f558dbaa496e1f1f22e06c307f,Force total and named CSP rows in Table C2
E23000030,Hampshire,sexual_offences,2025-04-01,2026-03-31,7120,281,3.947,5.000,Below 5%; retain for review,portsmouth | southampton,CRIME-ONS-2026-CSP,https://www.ons.gov.uk/file?uri=/peoplepopulationandcommunity/crimeandjustice/datasets/policeforceareadatatables/yearendingmarch2026/pfatablesyemarch2026.xlsx,2026-09-05,27d7884ef0e07dad01e602e48a430871ea2db1f558dbaa496e1f1f22e06c307f,Force total and named CSP rows in Table C2
E23000030,Hampshire,violence_against_person,2025-04-01,2026-03-31,62298,1322,2.122,5.000,Below 5%; retain for review,portsmouth | southampton,CRIME-ONS-2026-CSP,https://www.ons.gov.uk/file?uri=/peoplepopulationandcommunity/crimeandjustice/datasets/policeforceareadatatables/yearendingmarch2026/pfatablesyemarch2026.xlsx,2026-09-05,27d7884ef0e07dad01e602e48a430871ea2db1f558dbaa496e1f1f22e06c307f,Force total and named CSP rows in Table C2
E23000033,Sussex,sexual_offences,2025-04-01,2026-03-31,5882,344,5.848,5.000,Material; investigate before comparison,brighton-hove | rye,CRIME-ONS-2026-CSP,https://www.ons.gov.uk/file?uri=/peoplepopulationandcommunity/crimeandjustice/datasets/policeforceareadatatables/yearendingmarch2026/pfatablesyemarch2026.xlsx,2026-09-05,27d7884ef0e07dad01e602e48a430871ea2db1f558dbaa496e1f1f22e06c307f,Force total and named CSP rows in Table C2
E23000033,Sussex,violence_against_person,2025-04-01,2026-03-31,46496,899,1.933,5.000,Below 5%; retain for review,brighton-hove | rye,CRIME-ONS-2026-CSP,https://www.ons.gov.uk/file?uri=/peoplepopulationandcommunity/crimeandjustice/datasets/policeforceareadatatables/yearendingmarch2026/pfatablesyemarch2026.xlsx,2026-09-05,27d7884ef0e07dad01e602e48a430871ea2db1f558dbaa496e1f1f22e06c307f,Force total and named CSP rows in Table C2
E23000035,Devon and Cornwall,sexual_offences,2025-04-01,2026-03-31,6678,2,0.030,5.000,Below 5%; retain for review,exeter | plymouth | torbay,CRIME-ONS-2026-CSP,https://www.ons.gov.uk/file?uri=/peoplepopulationandcommunity/crimeandjustice/datasets/policeforceareadatatables/yearendingmarch2026/pfatablesyemarch2026.xlsx,2026-09-05,27d7884ef0e07dad01e602e48a430871ea2db1f558dbaa496e1f1f22e06c307f,Force total and named CSP rows in Table C2
E23000035,Devon and Cornwall,violence_against_person,2025-04-01,2026-03-31,56685,1,0.002,5.000,Below 5%; retain for review,exeter | plymouth | torbay,CRIME-ONS-2026-CSP,https://www.ons.gov.uk/file?uri=/peoplepopulationandcommunity/crimeandjustice/datasets/policeforceareadatatables/yearendingmarch2026/pfatablesyemarch2026.xlsx,2026-09-05,27d7884ef0e07dad01e602e48a430871ea2db1f558dbaa496e1f1f22e06c307f,Force total and named CSP rows in Table C2
E23000036,Avon and Somerset,sexual_offences,2025-04-01,2026-03-31,7765,394,5.074,5.000,Material; investigate before comparison,bath | bristol,CRIME-ONS-2026-CSP,https://www.ons.gov.uk/file?uri=/peoplepopulationandcommunity/crimeandjustice/datasets/policeforceareadatatables/yearendingmarch2026/pfatablesyemarch2026.xlsx,2026-09-05,27d7884ef0e07dad01e602e48a430871ea2db1f558dbaa496e1f1f22e06c307f,Force total and named CSP rows in Table C2
E23000036,Avon and Somerset,violence_against_person,2025-04-01,2026-03-31,69922,1365,1.952,5.000,Below 5%; retain for review,bath | bristol,CRIME-ONS-2026-CSP,https://www.ons.gov.uk/file?uri=/peoplepopulationandcommunity/crimeandjustice/datasets/policeforceareadatatables/yearendingmarch2026/pfatablesyemarch2026.xlsx,2026-09-05,27d7884ef0e07dad01e602e48a430871ea2db1f558dbaa496e1f1f22e06c307f,Force total and named CSP rows in Table C2
E23000037,Gloucestershire,sexual_offences,2025-04-01,2026-03-31,2250,321,14.267,5.000,Material; investigate before comparison,cheltenham | gloucester,CRIME-ONS-2026-CSP,https://www.ons.gov.uk/file?uri=/peoplepopulationandcommunity/crimeandjustice/datasets/policeforceareadatatables/yearendingmarch2026/pfatablesyemarch2026.xlsx,2026-09-05,27d7884ef0e07dad01e602e48a430871ea2db1f558dbaa496e1f1f22e06c307f,Force total and named CSP rows in Table C2
E23000037,Gloucestershire,violence_against_person,2025-04-01,2026-03-31,18177,535,2.943,5.000,Below 5%; retain for review,cheltenham | gloucester,CRIME-ONS-2026-CSP,https://www.ons.gov.uk/file?uri=/peoplepopulationandcommunity/crimeandjustice/datasets/policeforceareadatatables/yearendingmarch2026/pfatablesyemarch2026.xlsx,2026-09-05,27d7884ef0e07dad01e602e48a430871ea2db1f558dbaa496e1f1f22e06c307f,Force total and named CSP rows in Table C2
E23000038,Wiltshire ,sexual_offences,2025-04-01,2026-03-31,2417,99,4.096,5.000,Below 5%; retain for review,swindon,CRIME-ONS-2026-CSP,https://www.ons.gov.uk/file?uri=/peoplepopulationandcommunity/crimeandjustice/datasets/policeforceareadatatables/yearendingmarch2026/pfatablesyemarch2026.xlsx,2026-09-05,27d7884ef0e07dad01e602e48a430871ea2db1f558dbaa496e1f1f22e06c307f,Force total and named CSP rows in Table C2
E23000038,Wiltshire ,violence_against_person,2025-04-01,2026-03-31,17873,100,0.560,5.000,Below 5%; retain for review,swindon,CRIME-ONS-2026-CSP,https://www.ons.gov.uk/file?uri=/peoplepopulationandcommunity/crimeandjustice/datasets/policeforceareadatatables/yearendingmarch2026/pfatablesyemarch2026.xlsx,2026-09-05,27d7884ef0e07dad01e602e48a430871ea2db1f558dbaa496e1f1f22e06c307f,Force total and named CSP rows in Table C2
E23000039,Dorset,sexual_offences,2025-04-01,2026-03-31,2247,58,2.581,5.000,Below 5%; retain for review,bournemouth-poole,CRIME-ONS-2026-CSP,https://www.ons.gov.uk/file?uri=/peoplepopulationandcommunity/crimeandjustice/datasets/policeforceareadatatables/yearendingmarch2026/pfatablesyemarch2026.xlsx,2026-09-05,27d7884ef0e07dad01e602e48a430871ea2db1f558dbaa496e1f1f22e06c307f,Force total and named CSP rows in Table C2
E23000039,Dorset,violence_against_person,2025-04-01,2026-03-31,18452,199,1.078,5.000,Below 5%; retain for review,bournemouth-poole,CRIME-ONS-2026-CSP,https://www.ons.gov.uk/file?uri=/peoplepopulationandcommunity/crimeandjustice/datasets/policeforceareadatatables/yearendingmarch2026/pfatablesyemarch2026.xlsx,2026-09-05,27d7884ef0e07dad01e602e48a430871ea2db1f558dbaa496e1f1f22e06c307f,Force total and named CSP rows in Table C2
W15000001,North Wales,sexual_offences,2025-04-01,2026-03-31,2582,5,0.194,5.000,Below 5%; retain for review,bangor | rhyl | wrexham,CRIME-ONS-2026-CSP,https://www.ons.gov.uk/file?uri=/peoplepopulationandcommunity/crimeandjustice/datasets/policeforceareadatatables/yearendingmarch2026/pfatablesyemarch2026.xlsx,2026-09-05,27d7884ef0e07dad01e602e48a430871ea2db1f558dbaa496e1f1f22e06c307f,Force total and named CSP rows in Table C2
W15000001,North Wales,violence_against_person,2025-04-01,2026-03-31,23879,12,0.050,5.000,Below 5%; retain for review,bangor | rhyl | wrexham,CRIME-ONS-2026-CSP,https://www.ons.gov.uk/file?uri=/peoplepopulationandcommunity/crimeandjustice/datasets/policeforceareadatatables/yearendingmarch2026/pfatablesyemarch2026.xlsx,2026-09-05,27d7884ef0e07dad01e602e48a430871ea2db1f558dbaa496e1f1f22e06c307f,Force total and named CSP rows in Table C2
W15000002,Gwent,sexual_offences,2025-04-01,2026-03-31,2338,0,0.000,5.000,Below 5%; retain for review,chepstow | newbridge | newport,CRIME-ONS-2026-CSP,https://www.ons.gov.uk/file?uri=/peoplepopulationandcommunity/crimeandjustice/datasets/policeforceareadatatables/yearendingmarch2026/pfatablesyemarch2026.xlsx,2026-09-05,27d7884ef0e07dad01e602e48a430871ea2db1f558dbaa496e1f1f22e06c307f,Force total and named CSP rows in Table C2
W15000002,Gwent,violence_against_person,2025-04-01,2026-03-31,22424,0,0.000,5.000,Below 5%; retain for review,chepstow | newbridge | newport,CRIME-ONS-2026-CSP,https://www.ons.gov.uk/file?uri=/peoplepopulationandcommunity/crimeandjustice/datasets/policeforceareadatatables/yearendingmarch2026/pfatablesyemarch2026.xlsx,2026-09-05,27d7884ef0e07dad01e602e48a430871ea2db1f558dbaa496e1f1f22e06c307f,Force total and named CSP rows in Table C2
W15000003,South Wales,sexual_offences,2025-04-01,2026-03-31,4678,55,1.176,5.000,Below 5%; retain for review,bridgend | cardiff | merthyr-tydfil | neath | swansea,CRIME-ONS-2026-CSP,https://www.ons.gov.uk/file?uri=/peoplepopulationandcommunity/crimeandjustice/datasets/policeforceareadatatables/yearendingmarch2026/pfatablesyemarch2026.xlsx,2026-09-05,27d7884ef0e07dad01e602e48a430871ea2db1f558dbaa496e1f1f22e06c307f,Force total and named CSP rows in Table C2
W15000003,South Wales,violence_against_person,2025-04-01,2026-03-31,41549,290,0.698,5.000,Below 5%; retain for review,bridgend | cardiff | merthyr-tydfil | neath | swansea,CRIME-ONS-2026-CSP,https://www.ons.gov.uk/file?uri=/peoplepopulationandcommunity/crimeandjustice/datasets/policeforceareadatatables/yearendingmarch2026/pfatablesyemarch2026.xlsx,2026-09-05,27d7884ef0e07dad01e602e48a430871ea2db1f558dbaa496e1f1f22e06c307f,Force total and named CSP rows in Table C2
W15000004,Dyfed-Powys,sexual_offences,2025-04-01,2026-03-31,2047,175,8.549,5.000,Material; investigate before comparison,hay-on-wye | llanelli | narberth | tenby,CRIME-ONS-2026-CSP,https://www.ons.gov.uk/file?uri=/peoplepopulationandcommunity/crimeandjustice/datasets/policeforceareadatatables/yearendingmarch2026/pfatablesyemarch2026.xlsx,2026-09-05,27d7884ef0e07dad01e602e48a430871ea2db1f558dbaa496e1f1f22e06c307f,Force total and named CSP rows in Table C2
W15000004,Dyfed-Powys,violence_against_person,2025-04-01,2026-03-31,16746,1298,7.751,5.000,Material; investigate before comparison,hay-on-wye | llanelli | narberth | tenby,CRIME-ONS-2026-CSP,https://www.ons.gov.uk/file?uri=/peoplepopulationandcommunity/crimeandjustice/datasets/policeforceareadatatables/yearendingmarch2026/pfatablesyemarch2026.xlsx,2026-09-05,27d7884ef0e07dad01e602e48a430871ea2db1f558dbaa496e1f1f22e06c307f,Force total and named CSP rows in Table C2
