location_id,country,noise_exposed_pct,baseline_quiet_percentile,country_calibrated_quiet_percentile,quiet_percentile_delta,epc_sap_mean,baseline_housing_environment_percentile,country_calibrated_housing_environment_percentile,housing_environment_percentile_delta,baseline_environment_index_0_100,baseline_score,quiet_calibrated_index_0_100,quiet_calibrated_score,housing_calibrated_index_0_100,housing_calibrated_score,both_calibrated_index_0_100,both_calibrated_score,maximum_absolute_band_change
bangor,Wales,37.177,38.748,34.563,-4.184,65.622,50.713,57.185,6.472,53.011,3,51.965,3,54.629,4,53.583,4,1
barnsley,England,34.505,50.722,50.574,-0.148,65.659,51.100,50.782,-0.318,58.384,4,58.347,4,58.305,4,58.268,4,0
bath,England,28.442,79.697,79.728,0.031,64.267,26.684,26.316,-0.368,59.668,4,59.675,4,59.576,4,59.583,4,0
birmingham,England,38.139,35.701,35.875,0.174,63.173,12.892,12.463,-0.429,31.131,1,31.175,1,31.024,1,31.067,1,0
blackburn,England,35.677,45.383,45.751,0.367,63.687,18.123,17.541,-0.583,40.990,2,41.082,2,40.844,2,40.936,2,0
blackpool,England,30.803,68.626,68.957,0.331,61.939,6.699,6.310,-0.389,48.274,3,48.356,3,48.176,3,48.259,3,0
bolton,England,37.599,37.361,37.578,0.216,64.642,30.614,29.994,-0.620,42.854,2,42.908,2,42.699,2,42.753,2,0
bournemouth-poole,England,27.928,80.801,80.873,0.072,65.805,54.590,54.358,-0.232,63.279,5,63.297,5,63.221,5,63.239,5,0
bradford,England,33.365,57.216,57.234,0.018,61.340,4.927,4.569,-0.358,37.971,2,37.975,2,37.881,2,37.886,2,0
bridgend,Wales,24.053,91.480,87.113,-4.367,68.573,91.324,97.476,6.152,72.590,5,71.498,5,74.128,5,73.036,5,0
brighton-hove,England,33.767,54.525,54.427,-0.099,65.432,46.336,45.992,-0.344,47.823,3,47.799,3,47.737,3,47.713,3,0
bristol,England,28.616,79.017,79.132,0.115,65.431,45.844,45.475,-0.369,63.953,5,63.982,5,63.861,5,63.890,5,0
burnley,England,50.552,10.308,10.256,-0.052,62.370,8.007,7.529,-0.478,44.395,2,44.382,2,44.276,2,44.263,2,0
burton-on-trent,England,38.968,31.160,31.492,0.332,65.119,38.596,38.114,-0.482,38.641,2,38.724,2,38.521,2,38.604,2,0
cambridge,England,31.617,65.478,65.799,0.322,68.880,93.361,93.113,-0.248,64.322,5,64.403,5,64.260,5,64.341,5,0
cardiff,Wales,35.420,46.912,51.333,4.422,66.559,69.490,78.187,8.697,60.648,4,61.754,4,62.823,4,63.928,5,1
cheltenham,England,26.269,86.394,86.614,0.221,65.953,57.592,57.466,-0.127,66.007,5,66.062,5,65.976,5,66.031,5,0
chester,England,39.117,30.869,31.192,0.323,66.619,70.695,70.231,-0.464,55.969,4,56.050,4,55.853,4,55.934,4,0
chesterfield,England,34.765,49.629,49.455,-0.174,64.915,35.808,35.357,-0.450,48.635,3,48.592,3,48.523,3,48.479,3,0
colchester,England,35.906,44.266,44.576,0.310,68.614,91.606,91.307,-0.299,62.925,5,63.002,5,62.850,5,62.927,4,1
coventry,England,35.177,48.133,47.929,-0.203,65.168,40.491,40.075,-0.416,43.141,2,43.090,2,43.037,2,42.986,2,0
darlington,England,34.353,51.398,51.236,-0.163,64.140,25.132,24.755,-0.377,55.823,4,55.782,4,55.728,4,55.688,4,0
derby,England,27.182,84.046,84.233,0.187,64.655,31.212,30.623,-0.589,48.848,3,48.895,3,48.701,3,48.748,3,0
doncaster,England,34.115,51.893,51.746,-0.148,64.695,31.834,31.262,-0.572,33.449,1,33.412,1,33.306,1,33.269,1,0
durham,England,39.402,29.932,30.226,0.294,68.107,87.500,87.094,-0.406,53.670,4,53.743,4,53.568,4,53.642,4,0
exeter,England,25.823,87.348,87.617,0.269,67.431,81.064,80.514,-0.550,76.011,5,76.078,5,75.874,5,75.941,5,0
gateshead,England,44.262,18.563,18.663,0.100,65.953,57.798,57.681,-0.116,54.557,4,54.582,4,54.528,4,54.553,4,0
gloucester,England,24.503,90.143,90.473,0.330,65.666,51.359,51.044,-0.315,70.327,5,70.410,5,70.249,5,70.331,5,0
halifax,England,38.780,31.855,31.894,0.039,61.502,5.333,4.975,-0.358,34.756,1,34.766,1,34.667,1,34.676,1,0
hartlepool,England,29.213,76.981,77.164,0.184,65.816,54.748,54.524,-0.224,61.381,4,61.427,4,61.325,4,61.371,4,0
huddersfield,England,36.294,41.710,41.966,0.256,63.505,15.538,14.995,-0.543,39.410,2,39.474,2,39.274,2,39.338,2,0
hull-kingston-upon-hull,England,20.798,96.839,97.062,0.224,65.782,54.431,54.234,-0.197,59.035,4,59.091,4,58.986,4,59.042,4,0
ipswich,England,36.165,43.315,43.653,0.338,65.718,52.447,52.171,-0.277,44.537,2,44.621,2,44.468,2,44.552,2,0
kettering,England,29.821,73.801,73.936,0.135,65.453,46.836,46.497,-0.339,54.243,4,54.276,4,54.158,4,54.192,4,0
lancaster,England,43.597,19.448,19.573,0.125,65.111,37.863,37.344,-0.519,56.981,4,57.012,4,56.851,4,56.883,4,0
leeds,England,36.276,42.784,43.095,0.311,64.841,34.531,34.054,-0.476,40.929,2,41.006,2,40.810,2,40.887,2,0
leicester,England,27.838,81.700,81.815,0.115,64.025,22.530,22.060,-0.470,49.558,3,49.587,3,49.441,3,49.470,3,0
lincoln,England,29.805,73.987,74.131,0.144,66.864,73.806,73.432,-0.374,55.233,4,55.269,4,55.139,4,55.175,4,0
liverpool,England,34.008,52.958,52.793,-0.165,65.858,56.125,55.971,-0.154,55.255,4,55.213,4,55.216,4,55.175,4,0
llanelli,Wales,39.983,29.108,22.858,-6.250,63.510,15.639,27.748,12.109,47.384,3,45.821,3,50.411,3,48.849,3,0
loughborough,England,29.560,75.207,75.351,0.144,66.437,66.368,66.505,0.136,52.694,3,52.730,3,52.728,3,52.764,3,0
luton,England,40.963,27.025,27.408,0.383,64.462,28.478,28.081,-0.397,32.728,1,32.824,1,32.629,1,32.725,1,0
manchester,England,41.841,23.387,23.657,0.270,67.486,82.035,81.479,-0.556,44.739,2,44.807,2,44.600,2,44.668,2,0
merthyr-tydfil,Wales,36.136,43.558,38.174,-5.384,65.543,48.908,55.933,7.025,61.908,4,60.562,4,63.664,5,62.318,4,1
middlesbrough,England,31.952,63.202,63.413,0.211,65.370,44.010,43.566,-0.444,58.498,4,58.551,4,58.387,4,58.440,4,0
milton-keynes,England,26.745,85.421,85.614,0.194,70.547,98.025,97.936,-0.089,81.501,5,81.550,5,81.479,5,81.528,5,0
neath,Wales,38.965,31.233,26.140,-5.092,65.032,37.289,47.946,10.657,49.529,3,48.256,3,52.193,3,50.920,3,0
newcastle-upon-tyne,England,41.426,25.533,25.893,0.360,66.982,75.751,75.321,-0.431,58.853,4,58.943,4,58.745,4,58.835,4,0
newport,Wales,38.798,31.696,31.085,-0.611,67.117,77.551,89.971,12.421,57.499,4,57.347,4,60.605,4,60.452,4,0
northampton,England,29.894,73.287,73.395,0.109,67.264,79.473,78.861,-0.612,62.717,5,62.744,5,62.564,4,62.591,4,1
norwich,England,28.040,80.595,80.659,0.064,66.536,68.295,68.524,0.228,55.534,4,55.550,4,55.591,4,55.607,4,0
nottingham,England,33.060,58.720,58.798,0.078,65.532,48.569,48.276,-0.294,47.554,3,47.574,3,47.481,3,47.500,3,0
oxford,England,33.741,54.863,54.782,-0.082,66.983,76.053,75.637,-0.415,60.400,4,60.379,4,60.296,4,60.275,4,0
peterborough,England,33.792,53.876,53.744,-0.132,68.532,90.565,90.309,-0.255,66.933,5,66.900,5,66.869,5,66.836,5,0
plymouth,England,23.419,93.464,93.737,0.273,66.481,67.495,67.689,0.194,75.437,5,75.506,5,75.486,5,75.554,5,0
portsmouth,England,36.658,40.373,40.614,0.241,65.608,50.451,50.140,-0.311,43.656,2,43.716,2,43.578,2,43.638,2,0
preston,England,41.255,25.884,26.254,0.370,65.167,39.881,39.433,-0.447,47.673,3,47.766,3,47.561,3,47.654,3,0
reading,England,35.685,45.162,45.517,0.356,66.022,59.423,59.341,-0.081,45.178,3,45.267,3,45.157,3,45.246,3,0
rhyl,Wales,29.568,75.093,72.371,-2.722,63.436,14.958,25.056,10.097,53.308,3,52.628,3,55.833,4,55.152,4,1
rotherham,England,33.159,57.895,57.946,0.050,64.274,26.820,26.458,-0.361,38.287,2,38.299,2,38.196,2,38.209,2,0
salford,England,48.865,12.069,12.079,0.010,70.608,98.263,98.180,-0.083,49.153,3,49.156,3,49.133,3,49.135,3,0
sheffield,England,31.726,64.993,65.290,0.297,65.184,41.523,41.160,-0.364,53.493,4,53.567,4,53.402,3,53.476,3,1
shrewsbury,England,33.542,55.957,55.913,-0.043,66.977,75.170,74.710,-0.460,67.186,5,67.175,5,67.071,5,67.060,5,0
southampton,England,37.054,39.274,39.497,0.223,66.188,62.064,62.094,0.030,49.877,3,49.933,3,49.885,3,49.941,3,0
southend-on-sea,England,34.833,49.422,49.238,-0.183,61.806,6.110,5.702,-0.408,29.116,1,29.070,1,29.014,1,28.968,1,0
st-helens,England,32.570,60.227,60.327,0.100,65.539,48.819,48.533,-0.286,58.751,4,58.776,4,58.680,4,58.705,4,0
stafford,England,40.437,28.429,28.848,0.419,65.920,56.995,56.851,-0.144,43.214,2,43.318,2,43.178,2,43.282,2,0
stockport,England,44.270,18.351,18.440,0.089,64.162,25.981,25.648,-0.333,39.559,2,39.581,2,39.475,2,39.497,2,0
stockton-on-tees,England,29.437,75.871,76.042,0.171,65.674,51.641,51.323,-0.318,60.349,4,60.391,4,60.269,4,60.312,4,0
stoke-on-trent,England,36.657,40.835,41.099,0.264,64.710,32.370,31.813,-0.558,52.877,3,52.943,3,52.738,3,52.804,3,0
sunderland,England,41.517,24.945,25.275,0.330,65.463,47.352,47.016,-0.336,41.432,2,41.514,2,41.348,2,41.430,2,0
swansea,Wales,29.980,72.507,70.897,-1.610,64.466,28.804,42.494,13.690,60.675,4,60.272,4,64.097,5,63.695,5,1
swindon,England,24.115,91.313,91.625,0.312,68.386,89.548,89.241,-0.307,83.784,5,83.862,5,83.707,5,83.785,5,0
telford,England,31.204,66.889,67.225,0.336,68.565,91.218,90.996,-0.222,78.965,5,79.049,5,78.909,5,78.993,5,0
torbay,England,22.317,95.081,95.326,0.245,63.717,18.288,17.714,-0.574,61.932,4,61.993,4,61.788,4,61.849,4,0
wakefield,England,38.284,33.441,33.505,0.064,65.899,56.607,56.463,-0.144,47.903,3,47.919,3,47.867,3,47.883,3,0
walsall,England,47.675,13.514,13.579,0.064,63.352,14.430,13.967,-0.463,20.901,1,20.917,1,20.785,1,20.801,1,0
warrington,England,38.522,32.587,32.651,0.063,66.776,72.581,72.156,-0.426,60.549,4,60.565,4,60.443,4,60.459,4,0
wigan,England,33.287,57.567,57.603,0.036,64.966,36.647,36.181,-0.466,50.448,3,50.457,3,50.331,3,50.340,3,0
wolverhampton,England,32.359,61.867,62.042,0.176,63.531,16.199,15.611,-0.588,35.961,1,36.005,1,35.814,1,35.858,1,0
worcester,England,33.640,55.349,55.280,-0.069,65.553,49.133,48.786,-0.346,49.902,3,49.885,3,49.816,3,49.799,3,0
wrexham,Wales,28.529,79.312,78.387,-0.924,66.543,68.398,65.438,-2.960,78.136,5,77.905,5,77.396,5,77.165,5,0
york,England,29.679,74.815,74.990,0.175,66.405,65.925,66.039,0.114,69.271,5,69.315,5,69.299,5,69.343,5,0
