location_id,category,csp_code,csp_name,force_code,force_name,period_start,period_end,count,population,population_period,population_rounding,published_rate_per_1000,force_count,force_unallocated_count,coverage,evidence_id,source_url,retrieval_date,source_cells,source_sha256
barnsley,violence_against_person,E22000259,Barnsley,E23000011,South Yorkshire,2025-04-01,2026-03-31,9210,251800,mid-2024,nearest 100,36.581006474162926,54042,641,Published annual CSP total; monthly completeness not independently verified,CRIME-ONS-2026-CSP,https://www.ons.gov.uk/file?uri=/peoplepopulationandcommunity/crimeandjustice/datasets/policeforceareadatatables/yearendingmarch2026/pfatablesyemarch2026.xlsx,2026-09-05,Table C2!H307; Table C4!G307; Table C4!J307,27d7884ef0e07dad01e602e48a430871ea2db1f558dbaa496e1f1f22e06c307f
barnsley,sexual_offences,E22000259,Barnsley,E23000011,South Yorkshire,2025-04-01,2026-03-31,886,251800,mid-2024,nearest 100,3.5190848790562814,5705,389,Published annual CSP total; monthly completeness not independently verified,CRIME-ONS-2026-CSP,https://www.ons.gov.uk/file?uri=/peoplepopulationandcommunity/crimeandjustice/datasets/policeforceareadatatables/yearendingmarch2026/pfatablesyemarch2026.xlsx,2026-09-05,Table C2!N307; Table C4!G307; Table C4!P307,27d7884ef0e07dad01e602e48a430871ea2db1f558dbaa496e1f1f22e06c307f
birmingham,violence_against_person,E22000335,Birmingham,E23000014,West Midlands,2025-04-01,2026-03-31,54628,1183600,mid-2024,nearest 100,46.153404223322049,120341,1301,Published annual CSP total; monthly completeness not independently verified,CRIME-ONS-2026-CSP,https://www.ons.gov.uk/file?uri=/peoplepopulationandcommunity/crimeandjustice/datasets/policeforceareadatatables/yearendingmarch2026/pfatablesyemarch2026.xlsx,2026-09-05,Table C2!H389; Table C4!G389; Table C4!J389,27d7884ef0e07dad01e602e48a430871ea2db1f558dbaa496e1f1f22e06c307f
birmingham,sexual_offences,E22000335,Birmingham,E23000014,West Midlands,2025-04-01,2026-03-31,5734,1183600,mid-2024,nearest 100,4.8444684011226595,12069,233,Published annual CSP total; monthly completeness not independently verified,CRIME-ONS-2026-CSP,https://www.ons.gov.uk/file?uri=/peoplepopulationandcommunity/crimeandjustice/datasets/policeforceareadatatables/yearendingmarch2026/pfatablesyemarch2026.xlsx,2026-09-05,Table C2!N389; Table C4!G389; Table C4!P389,27d7884ef0e07dad01e602e48a430871ea2db1f558dbaa496e1f1f22e06c307f
blackburn,violence_against_person,E22000150,Blackburn with Darwen,E23000003,Lancashire,2025-04-01,2026-03-31,5943,162500,mid-2024,nearest 100,36.563307493540051,56236,980,Published annual CSP total; monthly completeness not independently verified,CRIME-ONS-2026-CSP,https://www.ons.gov.uk/file?uri=/peoplepopulationandcommunity/crimeandjustice/datasets/policeforceareadatatables/yearendingmarch2026/pfatablesyemarch2026.xlsx,2026-09-05,Table C2!H177; Table C4!G177; Table C4!J177,27d7884ef0e07dad01e602e48a430871ea2db1f558dbaa496e1f1f22e06c307f
blackburn,sexual_offences,E22000150,Blackburn with Darwen,E23000003,Lancashire,2025-04-01,2026-03-31,551,162500,mid-2024,nearest 100,3.3899347852836228,5950,183,Published annual CSP total; monthly completeness not independently verified,CRIME-ONS-2026-CSP,https://www.ons.gov.uk/file?uri=/peoplepopulationandcommunity/crimeandjustice/datasets/policeforceareadatatables/yearendingmarch2026/pfatablesyemarch2026.xlsx,2026-09-05,Table C2!N177; Table C4!G177; Table C4!P177,27d7884ef0e07dad01e602e48a430871ea2db1f558dbaa496e1f1f22e06c307f
blackpool,violence_against_person,E22000151,Blackpool,E23000003,Lancashire,2025-04-01,2026-03-31,9949,144200,mid-2024,nearest 100,68.998758591035511,56236,980,Published annual CSP total; monthly completeness not independently verified,CRIME-ONS-2026-CSP,https://www.ons.gov.uk/file?uri=/peoplepopulationandcommunity/crimeandjustice/datasets/policeforceareadatatables/yearendingmarch2026/pfatablesyemarch2026.xlsx,2026-09-05,Table C2!H178; Table C4!G178; Table C4!J178,27d7884ef0e07dad01e602e48a430871ea2db1f558dbaa496e1f1f22e06c307f
blackpool,sexual_offences,E22000151,Blackpool,E23000003,Lancashire,2025-04-01,2026-03-31,989,144200,mid-2024,nearest 100,6.8589579099943823,5950,183,Published annual CSP total; monthly completeness not independently verified,CRIME-ONS-2026-CSP,https://www.ons.gov.uk/file?uri=/peoplepopulationandcommunity/crimeandjustice/datasets/policeforceareadatatables/yearendingmarch2026/pfatablesyemarch2026.xlsx,2026-09-05,Table C2!N178; Table C4!G178; Table C4!P178,27d7884ef0e07dad01e602e48a430871ea2db1f558dbaa496e1f1f22e06c307f
bolton,violence_against_person,E22000099,Bolton,E23000005,Greater Manchester,2025-04-01,2026-03-31,13243,310100,mid-2024,nearest 100,42.707644678072143,125640,205,Published annual CSP total; monthly completeness not independently verified,CRIME-ONS-2026-CSP,https://www.ons.gov.uk/file?uri=/peoplepopulationandcommunity/crimeandjustice/datasets/policeforceareadatatables/yearendingmarch2026/pfatablesyemarch2026.xlsx,2026-09-05,Table C2!H111; Table C4!G111; Table C4!J111,27d7884ef0e07dad01e602e48a430871ea2db1f558dbaa496e1f1f22e06c307f
bolton,sexual_offences,E22000099,Bolton,E23000005,Greater Manchester,2025-04-01,2026-03-31,1232,310100,mid-2024,nearest 100,3.9731041488624084,12751,23,Published annual CSP total; monthly completeness not independently verified,CRIME-ONS-2026-CSP,https://www.ons.gov.uk/file?uri=/peoplepopulationandcommunity/crimeandjustice/datasets/policeforceareadatatables/yearendingmarch2026/pfatablesyemarch2026.xlsx,2026-09-05,Table C2!N111; Table C4!G111; Table C4!P111,27d7884ef0e07dad01e602e48a430871ea2db1f558dbaa496e1f1f22e06c307f
bradford,violence_against_person,E22000342,Bradford,E23000010,West Yorkshire,2025-04-01,2026-03-31,29089,563600,mid-2024,nearest 100,51.612388108693146,111552,6,Published annual CSP total; monthly completeness not independently verified,CRIME-ONS-2026-CSP,https://www.ons.gov.uk/file?uri=/peoplepopulationandcommunity/crimeandjustice/datasets/policeforceareadatatables/yearendingmarch2026/pfatablesyemarch2026.xlsx,2026-09-05,Table C2!H398; Table C4!G398; Table C4!J398,27d7884ef0e07dad01e602e48a430871ea2db1f558dbaa496e1f1f22e06c307f
bradford,sexual_offences,E22000342,Bradford,E23000010,West Yorkshire,2025-04-01,2026-03-31,2697,563600,mid-2024,nearest 100,4.7852662769137968,10639,6,Published annual CSP total; monthly completeness not independently verified,CRIME-ONS-2026-CSP,https://www.ons.gov.uk/file?uri=/peoplepopulationandcommunity/crimeandjustice/datasets/policeforceareadatatables/yearendingmarch2026/pfatablesyemarch2026.xlsx,2026-09-05,Table C2!N398; Table C4!G398; Table C4!P398,27d7884ef0e07dad01e602e48a430871ea2db1f558dbaa496e1f1f22e06c307f
burnley,violence_against_person,E22000152,Burnley,E23000003,Lancashire,2025-04-01,2026-03-31,4196,99200,mid-2024,nearest 100,42.284320740076389,56236,980,Published annual CSP total; monthly completeness not independently verified,CRIME-ONS-2026-CSP,https://www.ons.gov.uk/file?uri=/peoplepopulationandcommunity/crimeandjustice/datasets/policeforceareadatatables/yearendingmarch2026/pfatablesyemarch2026.xlsx,2026-09-05,Table C2!H179; Table C4!G179; Table C4!J179,27d7884ef0e07dad01e602e48a430871ea2db1f558dbaa496e1f1f22e06c307f
burnley,sexual_offences,E22000152,Burnley,E23000003,Lancashire,2025-04-01,2026-03-31,440,99200,mid-2024,nearest 100,4.4340088478631099,5950,183,Published annual CSP total; monthly completeness not independently verified,CRIME-ONS-2026-CSP,https://www.ons.gov.uk/file?uri=/peoplepopulationandcommunity/crimeandjustice/datasets/policeforceareadatatables/yearendingmarch2026/pfatablesyemarch2026.xlsx,2026-09-05,Table C2!N179; Table C4!G179; Table C4!P179,27d7884ef0e07dad01e602e48a430871ea2db1f558dbaa496e1f1f22e06c307f
burton-on-trent,violence_against_person,E22000264,East Staffordshire,E23000015,Staffordshire,2025-04-01,2026-03-31,3921,129700,mid-2024,nearest 100,30.240862570280505,37896,450,Published annual CSP total; monthly completeness not independently verified,CRIME-ONS-2026-CSP,https://www.ons.gov.uk/file?uri=/peoplepopulationandcommunity/crimeandjustice/datasets/policeforceareadatatables/yearendingmarch2026/pfatablesyemarch2026.xlsx,2026-09-05,Table C2!H314; Table C4!G314; Table C4!J314,27d7884ef0e07dad01e602e48a430871ea2db1f558dbaa496e1f1f22e06c307f
burton-on-trent,sexual_offences,E22000264,East Staffordshire,E23000015,Staffordshire,2025-04-01,2026-03-31,390,129700,mid-2024,nearest 100,3.0078899266537609,4261,76,Published annual CSP total; monthly completeness not independently verified,CRIME-ONS-2026-CSP,https://www.ons.gov.uk/file?uri=/peoplepopulationandcommunity/crimeandjustice/datasets/policeforceareadatatables/yearendingmarch2026/pfatablesyemarch2026.xlsx,2026-09-05,Table C2!N314; Table C4!G314; Table C4!P314,27d7884ef0e07dad01e602e48a430871ea2db1f558dbaa496e1f1f22e06c307f
cardiff,violence_against_person,W14000015,Cardiff,W15000003,South Wales,2025-04-01,2026-03-31,11438,383900,mid-2024,nearest 100,29.792742740005053,41549,290,Published annual CSP total; monthly completeness not independently verified,CRIME-ONS-2026-CSP,https://www.ons.gov.uk/file?uri=/peoplepopulationandcommunity/crimeandjustice/datasets/policeforceareadatatables/yearendingmarch2026/pfatablesyemarch2026.xlsx,2026-09-05,Table C2!H300; Table C4!G300; Table C4!J300,27d7884ef0e07dad01e602e48a430871ea2db1f558dbaa496e1f1f22e06c307f
cardiff,sexual_offences,W14000015,Cardiff,W15000003,South Wales,2025-04-01,2026-03-31,1344,383900,mid-2024,nearest 100,3.5007384370140575,4678,55,Published annual CSP total; monthly completeness not independently verified,CRIME-ONS-2026-CSP,https://www.ons.gov.uk/file?uri=/peoplepopulationandcommunity/crimeandjustice/datasets/policeforceareadatatables/yearendingmarch2026/pfatablesyemarch2026.xlsx,2026-09-05,Table C2!N300; Table C4!G300; Table C4!P300,27d7884ef0e07dad01e602e48a430871ea2db1f558dbaa496e1f1f22e06c307f
chester,violence_against_person,E22000355,Cheshire West and Chester,E23000006,Cheshire,2025-04-01,2026-03-31,11286,371700,mid-2024,nearest 100,30.367117626166412,34480,77,Published annual CSP total; monthly completeness not independently verified,CRIME-ONS-2026-CSP,https://www.ons.gov.uk/file?uri=/peoplepopulationandcommunity/crimeandjustice/datasets/policeforceareadatatables/yearendingmarch2026/pfatablesyemarch2026.xlsx,2026-09-05,Table C2!H31; Table C4!G31; Table C4!J31,27d7884ef0e07dad01e602e48a430871ea2db1f558dbaa496e1f1f22e06c307f
chester,sexual_offences,E22000355,Cheshire West and Chester,E23000006,Cheshire,2025-04-01,2026-03-31,1343,371700,mid-2024,nearest 100,3.6135955140830669,4133,65,Published annual CSP total; monthly completeness not independently verified,CRIME-ONS-2026-CSP,https://www.ons.gov.uk/file?uri=/peoplepopulationandcommunity/crimeandjustice/datasets/policeforceareadatatables/yearendingmarch2026/pfatablesyemarch2026.xlsx,2026-09-05,Table C2!N31; Table C4!G31; Table C4!P31,27d7884ef0e07dad01e602e48a430871ea2db1f558dbaa496e1f1f22e06c307f
chesterfield,violence_against_person,E22000039,Chesterfield,E23000018,Derbyshire,2025-04-01,2026-03-31,4779,106000,mid-2024,nearest 100,45.065773963883252,36884,359,Published annual CSP total; monthly completeness not independently verified,CRIME-ONS-2026-CSP,https://www.ons.gov.uk/file?uri=/peoplepopulationandcommunity/crimeandjustice/datasets/policeforceareadatatables/yearendingmarch2026/pfatablesyemarch2026.xlsx,2026-09-05,Table C2!H53; Table C4!G53; Table C4!J53,27d7884ef0e07dad01e602e48a430871ea2db1f558dbaa496e1f1f22e06c307f
chesterfield,sexual_offences,E22000039,Chesterfield,E23000018,Derbyshire,2025-04-01,2026-03-31,414,106000,mid-2024,nearest 100,3.9040030175868736,3886,63,Published annual CSP total; monthly completeness not independently verified,CRIME-ONS-2026-CSP,https://www.ons.gov.uk/file?uri=/peoplepopulationandcommunity/crimeandjustice/datasets/policeforceareadatatables/yearendingmarch2026/pfatablesyemarch2026.xlsx,2026-09-05,Table C2!N53; Table C4!G53; Table C4!P53,27d7884ef0e07dad01e602e48a430871ea2db1f558dbaa496e1f1f22e06c307f
coventry,violence_against_person,E22000336,Coventry,E23000014,West Midlands,2025-04-01,2026-03-31,12676,369000,mid-2024,nearest 100,34.349883206061364,120341,1301,Published annual CSP total; monthly completeness not independently verified,CRIME-ONS-2026-CSP,https://www.ons.gov.uk/file?uri=/peoplepopulationandcommunity/crimeandjustice/datasets/policeforceareadatatables/yearendingmarch2026/pfatablesyemarch2026.xlsx,2026-09-05,Table C2!H390; Table C4!G390; Table C4!J390,27d7884ef0e07dad01e602e48a430871ea2db1f558dbaa496e1f1f22e06c307f
coventry,sexual_offences,E22000336,Coventry,E23000014,West Midlands,2025-04-01,2026-03-31,1428,369000,mid-2024,nearest 100,3.8696460412003493,12069,233,Published annual CSP total; monthly completeness not independently verified,CRIME-ONS-2026-CSP,https://www.ons.gov.uk/file?uri=/peoplepopulationandcommunity/crimeandjustice/datasets/policeforceareadatatables/yearendingmarch2026/pfatablesyemarch2026.xlsx,2026-09-05,Table C2!N390; Table C4!G390; Table C4!P390,27d7884ef0e07dad01e602e48a430871ea2db1f558dbaa496e1f1f22e06c307f
darlington,violence_against_person,E22000072,Darlington,E23000008,Durham,2025-04-01,2026-03-31,3940,112500,mid-2024,nearest 100,35.025646952146431,22999,186,Published annual CSP total; monthly completeness not independently verified,CRIME-ONS-2026-CSP,https://www.ons.gov.uk/file?uri=/peoplepopulationandcommunity/crimeandjustice/datasets/policeforceareadatatables/yearendingmarch2026/pfatablesyemarch2026.xlsx,2026-09-05,Table C2!H78; Table C4!G78; Table C4!J78,27d7884ef0e07dad01e602e48a430871ea2db1f558dbaa496e1f1f22e06c307f
darlington,sexual_offences,E22000072,Darlington,E23000008,Durham,2025-04-01,2026-03-31,456,112500,mid-2024,nearest 100,4.0537296980149176,2536,66,Published annual CSP total; monthly completeness not independently verified,CRIME-ONS-2026-CSP,https://www.ons.gov.uk/file?uri=/peoplepopulationandcommunity/crimeandjustice/datasets/policeforceareadatatables/yearendingmarch2026/pfatablesyemarch2026.xlsx,2026-09-05,Table C2!N78; Table C4!G78; Table C4!P78,27d7884ef0e07dad01e602e48a430871ea2db1f558dbaa496e1f1f22e06c307f
derby,violence_against_person,E22000040,Derby,E23000018,Derbyshire,2025-04-01,2026-03-31,12677,274100,mid-2024,nearest 100,46.241277553447219,36884,359,Published annual CSP total; monthly completeness not independently verified,CRIME-ONS-2026-CSP,https://www.ons.gov.uk/file?uri=/peoplepopulationandcommunity/crimeandjustice/datasets/policeforceareadatatables/yearendingmarch2026/pfatablesyemarch2026.xlsx,2026-09-05,Table C2!H54; Table C4!G54; Table C4!J54,27d7884ef0e07dad01e602e48a430871ea2db1f558dbaa496e1f1f22e06c307f
derby,sexual_offences,E22000040,Derby,E23000018,Derbyshire,2025-04-01,2026-03-31,1340,274100,mid-2024,nearest 100,4.8878529558743606,3886,63,Published annual CSP total; monthly completeness not independently verified,CRIME-ONS-2026-CSP,https://www.ons.gov.uk/file?uri=/peoplepopulationandcommunity/crimeandjustice/datasets/policeforceareadatatables/yearendingmarch2026/pfatablesyemarch2026.xlsx,2026-09-05,Table C2!N54; Table C4!G54; Table C4!P54,27d7884ef0e07dad01e602e48a430871ea2db1f558dbaa496e1f1f22e06c307f
doncaster,violence_against_person,E22000260,Doncaster,E23000011,South Yorkshire,2025-04-01,2026-03-31,13910,319800,mid-2024,nearest 100,43.500695823495384,54042,641,Published annual CSP total; monthly completeness not independently verified,CRIME-ONS-2026-CSP,https://www.ons.gov.uk/file?uri=/peoplepopulationandcommunity/crimeandjustice/datasets/policeforceareadatatables/yearendingmarch2026/pfatablesyemarch2026.xlsx,2026-09-05,Table C2!H308; Table C4!G308; Table C4!J308,27d7884ef0e07dad01e602e48a430871ea2db1f558dbaa496e1f1f22e06c307f
doncaster,sexual_offences,E22000260,Doncaster,E23000011,South Yorkshire,2025-04-01,2026-03-31,1345,319800,mid-2024,nearest 100,4.2062139383609836,5705,389,Published annual CSP total; monthly completeness not independently verified,CRIME-ONS-2026-CSP,https://www.ons.gov.uk/file?uri=/peoplepopulationandcommunity/crimeandjustice/datasets/policeforceareadatatables/yearendingmarch2026/pfatablesyemarch2026.xlsx,2026-09-05,Table C2!N308; Table C4!G308; Table C4!P308,27d7884ef0e07dad01e602e48a430871ea2db1f558dbaa496e1f1f22e06c307f
gateshead,violence_against_person,E22000244,Gateshead,E23000007,Northumbria,2025-04-01,2026-03-31,6204,202800,mid-2024,nearest 100,30.59775103570724,49092,695,Published annual CSP total; monthly completeness not independently verified,CRIME-ONS-2026-CSP,https://www.ons.gov.uk/file?uri=/peoplepopulationandcommunity/crimeandjustice/datasets/policeforceareadatatables/yearendingmarch2026/pfatablesyemarch2026.xlsx,2026-09-05,Table C2!H283; Table C4!G283; Table C4!J283,27d7884ef0e07dad01e602e48a430871ea2db1f558dbaa496e1f1f22e06c307f
gateshead,sexual_offences,E22000244,Gateshead,E23000007,Northumbria,2025-04-01,2026-03-31,698,202800,mid-2024,nearest 100,3.4424935884789898,5861,110,Published annual CSP total; monthly completeness not independently verified,CRIME-ONS-2026-CSP,https://www.ons.gov.uk/file?uri=/peoplepopulationandcommunity/crimeandjustice/datasets/policeforceareadatatables/yearendingmarch2026/pfatablesyemarch2026.xlsx,2026-09-05,Table C2!N283; Table C4!G283; Table C4!P283,27d7884ef0e07dad01e602e48a430871ea2db1f558dbaa496e1f1f22e06c307f
gloucester,violence_against_person,E22000096,Gloucester,E23000037,Gloucestershire,2025-04-01,2026-03-31,6098,138600,mid-2024,nearest 100,43.997748885265302,18177,535,Published annual CSP total; monthly completeness not independently verified,CRIME-ONS-2026-CSP,https://www.ons.gov.uk/file?uri=/peoplepopulationandcommunity/crimeandjustice/datasets/policeforceareadatatables/yearendingmarch2026/pfatablesyemarch2026.xlsx,2026-09-05,Table C2!H106; Table C4!G106; Table C4!J106,27d7884ef0e07dad01e602e48a430871ea2db1f558dbaa496e1f1f22e06c307f
gloucester,sexual_offences,E22000096,Gloucester,E23000037,Gloucestershire,2025-04-01,2026-03-31,573,138600,mid-2024,nearest 100,4.1342587916131546,2250,321,Published annual CSP total; monthly completeness not independently verified,CRIME-ONS-2026-CSP,https://www.ons.gov.uk/file?uri=/peoplepopulationandcommunity/crimeandjustice/datasets/policeforceareadatatables/yearendingmarch2026/pfatablesyemarch2026.xlsx,2026-09-05,Table C2!N106; Table C4!G106; Table C4!P106,27d7884ef0e07dad01e602e48a430871ea2db1f558dbaa496e1f1f22e06c307f
halifax,violence_against_person,E22000343,Calderdale,E23000010,West Yorkshire,2025-04-01,2026-03-31,9616,210900,mid-2024,nearest 100,45.588800022756473,111552,6,Published annual CSP total; monthly completeness not independently verified,CRIME-ONS-2026-CSP,https://www.ons.gov.uk/file?uri=/peoplepopulationandcommunity/crimeandjustice/datasets/policeforceareadatatables/yearendingmarch2026/pfatablesyemarch2026.xlsx,2026-09-05,Table C2!H399; Table C4!G399; Table C4!J399,27d7884ef0e07dad01e602e48a430871ea2db1f558dbaa496e1f1f22e06c307f
halifax,sexual_offences,E22000343,Calderdale,E23000010,West Yorkshire,2025-04-01,2026-03-31,911,210900,mid-2024,nearest 100,4.3189888540693788,10639,6,Published annual CSP total; monthly completeness not independently verified,CRIME-ONS-2026-CSP,https://www.ons.gov.uk/file?uri=/peoplepopulationandcommunity/crimeandjustice/datasets/policeforceareadatatables/yearendingmarch2026/pfatablesyemarch2026.xlsx,2026-09-05,Table C2!N399; Table C4!G399; Table C4!P399,27d7884ef0e07dad01e602e48a430871ea2db1f558dbaa496e1f1f22e06c307f
hartlepool,violence_against_person,E22000027,Hartlepool,E23000013,Cleveland,2025-04-01,2026-03-31,4628,98200,mid-2024,nearest 100,47.137909961295577,26600,5,Published annual CSP total; monthly completeness not independently verified,CRIME-ONS-2026-CSP,https://www.ons.gov.uk/file?uri=/peoplepopulationandcommunity/crimeandjustice/datasets/policeforceareadatatables/yearendingmarch2026/pfatablesyemarch2026.xlsx,2026-09-05,Table C2!H37; Table C4!G37; Table C4!J37,27d7884ef0e07dad01e602e48a430871ea2db1f558dbaa496e1f1f22e06c307f
hartlepool,sexual_offences,E22000027,Hartlepool,E23000013,Cleveland,2025-04-01,2026-03-31,550,98200,mid-2024,nearest 100,5.601955591770218,3025,4,Published annual CSP total; monthly completeness not independently verified,CRIME-ONS-2026-CSP,https://www.ons.gov.uk/file?uri=/peoplepopulationandcommunity/crimeandjustice/datasets/policeforceareadatatables/yearendingmarch2026/pfatablesyemarch2026.xlsx,2026-09-05,Table C2!N37; Table C4!G37; Table C4!P37,27d7884ef0e07dad01e602e48a430871ea2db1f558dbaa496e1f1f22e06c307f
huddersfield,violence_against_person,E22000344,Kirklees,E23000010,West Yorkshire,2025-04-01,2026-03-31,17379,447800,mid-2024,nearest 100,38.805663541343364,111552,6,Published annual CSP total; monthly completeness not independently verified,CRIME-ONS-2026-CSP,https://www.ons.gov.uk/file?uri=/peoplepopulationandcommunity/crimeandjustice/datasets/policeforceareadatatables/yearendingmarch2026/pfatablesyemarch2026.xlsx,2026-09-05,Table C2!H400; Table C4!G400; Table C4!J400,27d7884ef0e07dad01e602e48a430871ea2db1f558dbaa496e1f1f22e06c307f
huddersfield,sexual_offences,E22000344,Kirklees,E23000010,West Yorkshire,2025-04-01,2026-03-31,1716,447800,mid-2024,nearest 100,3.8316657251248754,10639,6,Published annual CSP total; monthly completeness not independently verified,CRIME-ONS-2026-CSP,https://www.ons.gov.uk/file?uri=/peoplepopulationandcommunity/crimeandjustice/datasets/policeforceareadatatables/yearendingmarch2026/pfatablesyemarch2026.xlsx,2026-09-05,Table C2!N400; Table C4!G400; Table C4!P400,27d7884ef0e07dad01e602e48a430871ea2db1f558dbaa496e1f1f22e06c307f
hull-kingston-upon-hull,violence_against_person,E22000134,"Kingston upon Hull, City of",E23000012,Humberside,2025-04-01,2026-03-31,13737,275400,mid-2024,nearest 100,49.879993173590506,37886,3542,Published annual CSP total; monthly completeness not independently verified,CRIME-ONS-2026-CSP,https://www.ons.gov.uk/file?uri=/peoplepopulationandcommunity/crimeandjustice/datasets/policeforceareadatatables/yearendingmarch2026/pfatablesyemarch2026.xlsx,2026-09-05,Table C2!H158; Table C4!G158; Table C4!J158,27d7884ef0e07dad01e602e48a430871ea2db1f558dbaa496e1f1f22e06c307f
hull-kingston-upon-hull,sexual_offences,E22000134,"Kingston upon Hull, City of",E23000012,Humberside,2025-04-01,2026-03-31,1186,275400,mid-2024,nearest 100,4.3064476890062133,3405,312,Published annual CSP total; monthly completeness not independently verified,CRIME-ONS-2026-CSP,https://www.ons.gov.uk/file?uri=/peoplepopulationandcommunity/crimeandjustice/datasets/policeforceareadatatables/yearendingmarch2026/pfatablesyemarch2026.xlsx,2026-09-05,Table C2!N158; Table C4!G158; Table C4!P158,27d7884ef0e07dad01e602e48a430871ea2db1f558dbaa496e1f1f22e06c307f
ipswich,violence_against_person,E22000273,Ipswich,E23000025,Suffolk,2025-04-01,2026-03-31,4850,140300,mid-2024,nearest 100,34.57518855953348,18203,239,Published annual CSP total; monthly completeness not independently verified,CRIME-ONS-2026-CSP,https://www.ons.gov.uk/file?uri=/peoplepopulationandcommunity/crimeandjustice/datasets/policeforceareadatatables/yearendingmarch2026/pfatablesyemarch2026.xlsx,2026-09-05,Table C2!H324; Table C4!G324; Table C4!J324,27d7884ef0e07dad01e602e48a430871ea2db1f558dbaa496e1f1f22e06c307f
ipswich,sexual_offences,E22000273,Ipswich,E23000025,Suffolk,2025-04-01,2026-03-31,658,140300,mid-2024,nearest 100,4.6908193963243372,2654,66,Published annual CSP total; monthly completeness not independently verified,CRIME-ONS-2026-CSP,https://www.ons.gov.uk/file?uri=/peoplepopulationandcommunity/crimeandjustice/datasets/policeforceareadatatables/yearendingmarch2026/pfatablesyemarch2026.xlsx,2026-09-05,Table C2!N324; Table C4!G324; Table C4!P324,27d7884ef0e07dad01e602e48a430871ea2db1f558dbaa496e1f1f22e06c307f
kettering,violence_against_person,E22000236,Kettering,E23000022,Northamptonshire,2025-04-01,2026-03-31,3309,110100,mid-2024,nearest 100,30.051493492929861,22501,172,Published annual CSP total; monthly completeness not independently verified,CRIME-ONS-2026-CSP,https://www.ons.gov.uk/file?uri=/peoplepopulationandcommunity/crimeandjustice/datasets/policeforceareadatatables/yearendingmarch2026/pfatablesyemarch2026.xlsx,2026-09-05,Table C2!H278; Table C4!G278; Table C4!J278,27d7884ef0e07dad01e602e48a430871ea2db1f558dbaa496e1f1f22e06c307f
kettering,sexual_offences,E22000236,Kettering,E23000022,Northamptonshire,2025-04-01,2026-03-31,439,110100,mid-2024,nearest 100,3.9868859605307372,3069,68,Published annual CSP total; monthly completeness not independently verified,CRIME-ONS-2026-CSP,https://www.ons.gov.uk/file?uri=/peoplepopulationandcommunity/crimeandjustice/datasets/policeforceareadatatables/yearendingmarch2026/pfatablesyemarch2026.xlsx,2026-09-05,Table C2!N278; Table C4!G278; Table C4!P278,27d7884ef0e07dad01e602e48a430871ea2db1f558dbaa496e1f1f22e06c307f
lancaster,violence_against_person,E22000156,Lancaster,E23000003,Lancashire,2025-04-01,2026-03-31,4313,145000,mid-2024,nearest 100,29.743596816683446,56236,980,Published annual CSP total; monthly completeness not independently verified,CRIME-ONS-2026-CSP,https://www.ons.gov.uk/file?uri=/peoplepopulationandcommunity/crimeandjustice/datasets/policeforceareadatatables/yearendingmarch2026/pfatablesyemarch2026.xlsx,2026-09-05,Table C2!H183; Table C4!G183; Table C4!J183,27d7884ef0e07dad01e602e48a430871ea2db1f558dbaa496e1f1f22e06c307f
lancaster,sexual_offences,E22000156,Lancaster,E23000003,Lancashire,2025-04-01,2026-03-31,461,145000,mid-2024,nearest 100,3.1791787926016855,5950,183,Published annual CSP total; monthly completeness not independently verified,CRIME-ONS-2026-CSP,https://www.ons.gov.uk/file?uri=/peoplepopulationandcommunity/crimeandjustice/datasets/policeforceareadatatables/yearendingmarch2026/pfatablesyemarch2026.xlsx,2026-09-05,Table C2!N183; Table C4!G183; Table C4!P183,27d7884ef0e07dad01e602e48a430871ea2db1f558dbaa496e1f1f22e06c307f
leeds,violence_against_person,E22000345,Leeds,E23000010,West Yorkshire,2025-04-01,2026-03-31,37929,845200,mid-2024,nearest 100,44.876353099720895,111552,6,Published annual CSP total; monthly completeness not independently verified,CRIME-ONS-2026-CSP,https://www.ons.gov.uk/file?uri=/peoplepopulationandcommunity/crimeandjustice/datasets/policeforceareadatatables/yearendingmarch2026/pfatablesyemarch2026.xlsx,2026-09-05,Table C2!H401; Table C4!G401; Table C4!J401,27d7884ef0e07dad01e602e48a430871ea2db1f558dbaa496e1f1f22e06c307f
leeds,sexual_offences,E22000345,Leeds,E23000010,West Yorkshire,2025-04-01,2026-03-31,3697,845200,mid-2024,nearest 100,4.3741695644406162,10639,6,Published annual CSP total; monthly completeness not independently verified,CRIME-ONS-2026-CSP,https://www.ons.gov.uk/file?uri=/peoplepopulationandcommunity/crimeandjustice/datasets/policeforceareadatatables/yearendingmarch2026/pfatablesyemarch2026.xlsx,2026-09-05,Table C2!N401; Table C4!G401; Table C4!P401,27d7884ef0e07dad01e602e48a430871ea2db1f558dbaa496e1f1f22e06c307f
leicester,violence_against_person,E22000168,Leicester,E23000021,Leicestershire,2025-04-01,2026-03-31,15637,388300,mid-2024,nearest 100,40.265432035184936,33355,668,Published annual CSP total; monthly completeness not independently verified,CRIME-ONS-2026-CSP,https://www.ons.gov.uk/file?uri=/peoplepopulationandcommunity/crimeandjustice/datasets/policeforceareadatatables/yearendingmarch2026/pfatablesyemarch2026.xlsx,2026-09-05,Table C2!H197; Table C4!G197; Table C4!J197,27d7884ef0e07dad01e602e48a430871ea2db1f558dbaa496e1f1f22e06c307f
leicester,sexual_offences,E22000168,Leicester,E23000021,Leicestershire,2025-04-01,2026-03-31,1669,388300,mid-2024,nearest 100,4.2976917609978678,3948,160,Published annual CSP total; monthly completeness not independently verified,CRIME-ONS-2026-CSP,https://www.ons.gov.uk/file?uri=/peoplepopulationandcommunity/crimeandjustice/datasets/policeforceareadatatables/yearendingmarch2026/pfatablesyemarch2026.xlsx,2026-09-05,Table C2!N197; Table C4!G197; Table C4!P197,27d7884ef0e07dad01e602e48a430871ea2db1f558dbaa496e1f1f22e06c307f
lincoln,violence_against_person,E22000175,Lincoln,E23000020,Lincolnshire,2025-04-01,2026-03-31,4549,105100,mid-2024,nearest 100,43.276823258557378,22114,22,Published annual CSP total; monthly completeness not independently verified,CRIME-ONS-2026-CSP,https://www.ons.gov.uk/file?uri=/peoplepopulationandcommunity/crimeandjustice/datasets/policeforceareadatatables/yearendingmarch2026/pfatablesyemarch2026.xlsx,2026-09-05,Table C2!H206; Table C4!G206; Table C4!J206,27d7884ef0e07dad01e602e48a430871ea2db1f558dbaa496e1f1f22e06c307f
lincoln,sexual_offences,E22000175,Lincoln,E23000020,Lincolnshire,2025-04-01,2026-03-31,628,105100,mid-2024,nearest 100,5.9744658180641972,2796,14,Published annual CSP total; monthly completeness not independently verified,CRIME-ONS-2026-CSP,https://www.ons.gov.uk/file?uri=/peoplepopulationandcommunity/crimeandjustice/datasets/policeforceareadatatables/yearendingmarch2026/pfatablesyemarch2026.xlsx,2026-09-05,Table C2!N206; Table C4!G206; Table C4!P206,27d7884ef0e07dad01e602e48a430871ea2db1f558dbaa496e1f1f22e06c307f
liverpool,violence_against_person,E22000182,Liverpool,E23000004,Merseyside,2025-04-01,2026-03-31,23213,509000,mid-2024,nearest 100,45.608602623776676,55326,71,Published annual CSP total; monthly completeness not independently verified,CRIME-ONS-2026-CSP,https://www.ons.gov.uk/file?uri=/peoplepopulationandcommunity/crimeandjustice/datasets/policeforceareadatatables/yearendingmarch2026/pfatablesyemarch2026.xlsx,2026-09-05,Table C2!H214; Table C4!G214; Table C4!J214,27d7884ef0e07dad01e602e48a430871ea2db1f558dbaa496e1f1f22e06c307f
liverpool,sexual_offences,E22000182,Liverpool,E23000004,Merseyside,2025-04-01,2026-03-31,2109,509000,mid-2024,nearest 100,4.1437359640522553,4984,56,Published annual CSP total; monthly completeness not independently verified,CRIME-ONS-2026-CSP,https://www.ons.gov.uk/file?uri=/peoplepopulationandcommunity/crimeandjustice/datasets/policeforceareadatatables/yearendingmarch2026/pfatablesyemarch2026.xlsx,2026-09-05,Table C2!N214; Table C4!G214; Table C4!P214,27d7884ef0e07dad01e602e48a430871ea2db1f558dbaa496e1f1f22e06c307f
loughborough,violence_against_person,E22000165,Charnwood,E23000021,Leicestershire,2025-04-01,2026-03-31,4532,188400,mid-2024,nearest 100,24.05711707407702,33355,668,Published annual CSP total; monthly completeness not independently verified,CRIME-ONS-2026-CSP,https://www.ons.gov.uk/file?uri=/peoplepopulationandcommunity/crimeandjustice/datasets/policeforceareadatatables/yearendingmarch2026/pfatablesyemarch2026.xlsx,2026-09-05,Table C2!H194; Table C4!G194; Table C4!J194,27d7884ef0e07dad01e602e48a430871ea2db1f558dbaa496e1f1f22e06c307f
loughborough,sexual_offences,E22000165,Charnwood,E23000021,Leicestershire,2025-04-01,2026-03-31,534,188400,mid-2024,nearest 100,2.8346205908113702,3948,160,Published annual CSP total; monthly completeness not independently verified,CRIME-ONS-2026-CSP,https://www.ons.gov.uk/file?uri=/peoplepopulationandcommunity/crimeandjustice/datasets/policeforceareadatatables/yearendingmarch2026/pfatablesyemarch2026.xlsx,2026-09-05,Table C2!N194; Table C4!G194; Table C4!P194,27d7884ef0e07dad01e602e48a430871ea2db1f558dbaa496e1f1f22e06c307f
manchester,violence_against_person,E22000101,Manchester,E23000005,Greater Manchester,2025-04-01,2026-03-31,30605,589700,mid-2024,nearest 100,51.901911238489326,125640,205,Published annual CSP total; monthly completeness not independently verified,CRIME-ONS-2026-CSP,https://www.ons.gov.uk/file?uri=/peoplepopulationandcommunity/crimeandjustice/datasets/policeforceareadatatables/yearendingmarch2026/pfatablesyemarch2026.xlsx,2026-09-05,Table C2!H113; Table C4!G113; Table C4!J113,27d7884ef0e07dad01e602e48a430871ea2db1f558dbaa496e1f1f22e06c307f
manchester,sexual_offences,E22000101,Manchester,E23000005,Greater Manchester,2025-04-01,2026-03-31,3323,589700,mid-2024,nearest 100,5.635355368256822,12751,23,Published annual CSP total; monthly completeness not independently verified,CRIME-ONS-2026-CSP,https://www.ons.gov.uk/file?uri=/peoplepopulationandcommunity/crimeandjustice/datasets/policeforceareadatatables/yearendingmarch2026/pfatablesyemarch2026.xlsx,2026-09-05,Table C2!N113; Table C4!G113; Table C4!P113,27d7884ef0e07dad01e602e48a430871ea2db1f558dbaa496e1f1f22e06c307f
merthyr-tydfil,violence_against_person,W14000023,Cwm Taf,W15000003,South Wales,2025-04-01,2026-03-31,10255,301800,mid-2024,nearest 100,33.977655260158507,41549,290,Published annual CSP total; monthly completeness not independently verified,CRIME-ONS-2026-CSP,https://www.ons.gov.uk/file?uri=/peoplepopulationandcommunity/crimeandjustice/datasets/policeforceareadatatables/yearendingmarch2026/pfatablesyemarch2026.xlsx,2026-09-05,Table C2!H301; Table C4!G301; Table C4!J301,27d7884ef0e07dad01e602e48a430871ea2db1f558dbaa496e1f1f22e06c307f
merthyr-tydfil,sexual_offences,W14000023,Cwm Taf,W15000003,South Wales,2025-04-01,2026-03-31,1068,301800,mid-2024,nearest 100,3.5385797969623876,4678,55,Published annual CSP total; monthly completeness not independently verified,CRIME-ONS-2026-CSP,https://www.ons.gov.uk/file?uri=/peoplepopulationandcommunity/crimeandjustice/datasets/policeforceareadatatables/yearendingmarch2026/pfatablesyemarch2026.xlsx,2026-09-05,Table C2!N301; Table C4!G301; Table C4!P301,27d7884ef0e07dad01e602e48a430871ea2db1f558dbaa496e1f1f22e06c307f
middlesbrough,violence_against_person,E22000029,Middlesbrough,E23000013,Cleveland,2025-04-01,2026-03-31,8336,156200,mid-2024,nearest 100,53.380805706930673,26600,5,Published annual CSP total; monthly completeness not independently verified,CRIME-ONS-2026-CSP,https://www.ons.gov.uk/file?uri=/peoplepopulationandcommunity/crimeandjustice/datasets/policeforceareadatatables/yearendingmarch2026/pfatablesyemarch2026.xlsx,2026-09-05,Table C2!H38; Table C4!G38; Table C4!J38,27d7884ef0e07dad01e602e48a430871ea2db1f558dbaa496e1f1f22e06c307f
middlesbrough,sexual_offences,E22000029,Middlesbrough,E23000013,Cleveland,2025-04-01,2026-03-31,856,156200,mid-2024,nearest 100,5.4815222750878903,3025,4,Published annual CSP total; monthly completeness not independently verified,CRIME-ONS-2026-CSP,https://www.ons.gov.uk/file?uri=/peoplepopulationandcommunity/crimeandjustice/datasets/policeforceareadatatables/yearendingmarch2026/pfatablesyemarch2026.xlsx,2026-09-05,Table C2!N38; Table C4!G38; Table C4!P38,27d7884ef0e07dad01e602e48a430871ea2db1f558dbaa496e1f1f22e06c307f
neath,violence_against_person,W14000012,Neath Port Talbot,W15000003,South Wales,2025-04-01,2026-03-31,4473,143200,mid-2024,nearest 100,31.225348868054926,41549,290,Published annual CSP total; monthly completeness not independently verified,CRIME-ONS-2026-CSP,https://www.ons.gov.uk/file?uri=/peoplepopulationandcommunity/crimeandjustice/datasets/policeforceareadatatables/yearendingmarch2026/pfatablesyemarch2026.xlsx,2026-09-05,Table C2!H302; Table C4!G302; Table C4!J302,27d7884ef0e07dad01e602e48a430871ea2db1f558dbaa496e1f1f22e06c307f
neath,sexual_offences,W14000012,Neath Port Talbot,W15000003,South Wales,2025-04-01,2026-03-31,499,143200,mid-2024,nearest 100,3.4834449106101961,4678,55,Published annual CSP total; monthly completeness not independently verified,CRIME-ONS-2026-CSP,https://www.ons.gov.uk/file?uri=/peoplepopulationandcommunity/crimeandjustice/datasets/policeforceareadatatables/yearendingmarch2026/pfatablesyemarch2026.xlsx,2026-09-05,Table C2!N302; Table C4!G302; Table C4!P302,27d7884ef0e07dad01e602e48a430871ea2db1f558dbaa496e1f1f22e06c307f
newcastle-upon-tyne,violence_against_person,E22000245,Newcastle upon Tyne,E23000007,Northumbria,2025-04-01,2026-03-31,11744,320600,mid-2024,nearest 100,36.630744997738645,49092,695,Published annual CSP total; monthly completeness not independently verified,CRIME-ONS-2026-CSP,https://www.ons.gov.uk/file?uri=/peoplepopulationandcommunity/crimeandjustice/datasets/policeforceareadatatables/yearendingmarch2026/pfatablesyemarch2026.xlsx,2026-09-05,Table C2!H284; Table C4!G284; Table C4!J284,27d7884ef0e07dad01e602e48a430871ea2db1f558dbaa496e1f1f22e06c307f
newcastle-upon-tyne,sexual_offences,E22000245,Newcastle upon Tyne,E23000007,Northumbria,2025-04-01,2026-03-31,1447,320600,mid-2024,nearest 100,4.5133419628514844,5861,110,Published annual CSP total; monthly completeness not independently verified,CRIME-ONS-2026-CSP,https://www.ons.gov.uk/file?uri=/peoplepopulationandcommunity/crimeandjustice/datasets/policeforceareadatatables/yearendingmarch2026/pfatablesyemarch2026.xlsx,2026-09-05,Table C2!N284; Table C4!G284; Table C4!P284,27d7884ef0e07dad01e602e48a430871ea2db1f558dbaa496e1f1f22e06c307f
newport,violence_against_person,W14000022,Newport,W15000002,Gwent,2025-04-01,2026-03-31,6911,167900,mid-2024,nearest 100,41.161650754322537,22424,0,Published annual CSP total; monthly completeness not independently verified,CRIME-ONS-2026-CSP,https://www.ons.gov.uk/file?uri=/peoplepopulationandcommunity/crimeandjustice/datasets/policeforceareadatatables/yearendingmarch2026/pfatablesyemarch2026.xlsx,2026-09-05,Table C2!H127; Table C4!G127; Table C4!J127,27d7884ef0e07dad01e602e48a430871ea2db1f558dbaa496e1f1f22e06c307f
newport,sexual_offences,W14000022,Newport,W15000002,Gwent,2025-04-01,2026-03-31,662,167900,mid-2024,nearest 100,3.9428465922965588,2338,0,Published annual CSP total; monthly completeness not independently verified,CRIME-ONS-2026-CSP,https://www.ons.gov.uk/file?uri=/peoplepopulationandcommunity/crimeandjustice/datasets/policeforceareadatatables/yearendingmarch2026/pfatablesyemarch2026.xlsx,2026-09-05,Table C2!N127; Table C4!G127; Table C4!P127,27d7884ef0e07dad01e602e48a430871ea2db1f558dbaa496e1f1f22e06c307f
northampton,violence_against_person,E22000237,Northampton,E23000022,Northamptonshire,2025-04-01,2026-03-31,8796,248500,mid-2024,nearest 100,35.401791823296925,22501,172,Published annual CSP total; monthly completeness not independently verified,CRIME-ONS-2026-CSP,https://www.ons.gov.uk/file?uri=/peoplepopulationandcommunity/crimeandjustice/datasets/policeforceareadatatables/yearendingmarch2026/pfatablesyemarch2026.xlsx,2026-09-05,Table C2!H279; Table C4!G279; Table C4!J279,27d7884ef0e07dad01e602e48a430871ea2db1f558dbaa496e1f1f22e06c307f
northampton,sexual_offences,E22000237,Northampton,E23000022,Northamptonshire,2025-04-01,2026-03-31,1193,248500,mid-2024,nearest 100,4.8015390683484798,3069,68,Published annual CSP total; monthly completeness not independently verified,CRIME-ONS-2026-CSP,https://www.ons.gov.uk/file?uri=/peoplepopulationandcommunity/crimeandjustice/datasets/policeforceareadatatables/yearendingmarch2026/pfatablesyemarch2026.xlsx,2026-09-05,Table C2!N279; Table C4!G279; Table C4!P279,27d7884ef0e07dad01e602e48a430871ea2db1f558dbaa496e1f1f22e06c307f
norwich,violence_against_person,E22000223,Norwich,E23000024,Norfolk,2025-04-01,2026-03-31,5908,147200,mid-2024,nearest 100,40.140778084276612,24620,269,Published annual CSP total; monthly completeness not independently verified,CRIME-ONS-2026-CSP,https://www.ons.gov.uk/file?uri=/peoplepopulationandcommunity/crimeandjustice/datasets/policeforceareadatatables/yearendingmarch2026/pfatablesyemarch2026.xlsx,2026-09-05,Table C2!H259; Table C4!G259; Table C4!J259,27d7884ef0e07dad01e602e48a430871ea2db1f558dbaa496e1f1f22e06c307f
norwich,sexual_offences,E22000223,Norwich,E23000024,Norfolk,2025-04-01,2026-03-31,873,147200,mid-2024,nearest 100,5.9314318326969335,3355,49,Published annual CSP total; monthly completeness not independently verified,CRIME-ONS-2026-CSP,https://www.ons.gov.uk/file?uri=/peoplepopulationandcommunity/crimeandjustice/datasets/policeforceareadatatables/yearendingmarch2026/pfatablesyemarch2026.xlsx,2026-09-05,Table C2!N259; Table C4!G259; Table C4!P259,27d7884ef0e07dad01e602e48a430871ea2db1f558dbaa496e1f1f22e06c307f
nottingham,violence_against_person,E22000257,Nottingham,E23000019,Nottinghamshire,2025-04-01,2026-03-31,13695,331100,mid-2024,nearest 100,41.364999682853231,35528,470,Published annual CSP total; monthly completeness not independently verified,CRIME-ONS-2026-CSP,https://www.ons.gov.uk/file?uri=/peoplepopulationandcommunity/crimeandjustice/datasets/policeforceareadatatables/yearendingmarch2026/pfatablesyemarch2026.xlsx,2026-09-05,Table C2!H295; Table C4!G295; Table C4!J295,27d7884ef0e07dad01e602e48a430871ea2db1f558dbaa496e1f1f22e06c307f
nottingham,sexual_offences,E22000257,Nottingham,E23000019,Nottinghamshire,2025-04-01,2026-03-31,1706,331100,mid-2024,nearest 100,5.1528798436617462,4447,106,Published annual CSP total; monthly completeness not independently verified,CRIME-ONS-2026-CSP,https://www.ons.gov.uk/file?uri=/peoplepopulationandcommunity/crimeandjustice/datasets/policeforceareadatatables/yearendingmarch2026/pfatablesyemarch2026.xlsx,2026-09-05,Table C2!N295; Table C4!G295; Table C4!P295,27d7884ef0e07dad01e602e48a430871ea2db1f558dbaa496e1f1f22e06c307f
peterborough,violence_against_person,E22000017,Peterborough,E23000023,Cambridgeshire,2025-04-01,2026-03-31,9793,223700,mid-2024,nearest 100,43.786188549328202,26485,382,Published annual CSP total; monthly completeness not independently verified,CRIME-ONS-2026-CSP,https://www.ons.gov.uk/file?uri=/peoplepopulationandcommunity/crimeandjustice/datasets/policeforceareadatatables/yearendingmarch2026/pfatablesyemarch2026.xlsx,2026-09-05,Table C2!H26; Table C4!G26; Table C4!J26,27d7884ef0e07dad01e602e48a430871ea2db1f558dbaa496e1f1f22e06c307f
peterborough,sexual_offences,E22000017,Peterborough,E23000023,Cambridgeshire,2025-04-01,2026-03-31,983,223700,mid-2024,nearest 100,4.3951621917685717,3087,188,Published annual CSP total; monthly completeness not independently verified,CRIME-ONS-2026-CSP,https://www.ons.gov.uk/file?uri=/peoplepopulationandcommunity/crimeandjustice/datasets/policeforceareadatatables/yearendingmarch2026/pfatablesyemarch2026.xlsx,2026-09-05,Table C2!N26; Table C4!G26; Table C4!P26,27d7884ef0e07dad01e602e48a430871ea2db1f558dbaa496e1f1f22e06c307f
plymouth,violence_against_person,E22000056,Plymouth,E23000035,Devon and Cornwall,2025-04-01,2026-03-31,11713,272100,mid-2024,nearest 100,43.05189530520056,56685,1,Published annual CSP total; monthly completeness not independently verified,CRIME-ONS-2026-CSP,https://www.ons.gov.uk/file?uri=/peoplepopulationandcommunity/crimeandjustice/datasets/policeforceareadatatables/yearendingmarch2026/pfatablesyemarch2026.xlsx,2026-09-05,Table C2!H67; Table C4!G67; Table C4!J67,27d7884ef0e07dad01e602e48a430871ea2db1f558dbaa496e1f1f22e06c307f
plymouth,sexual_offences,E22000056,Plymouth,E23000035,Devon and Cornwall,2025-04-01,2026-03-31,1379,272100,mid-2024,nearest 100,5.0686044246453994,6678,2,Published annual CSP total; monthly completeness not independently verified,CRIME-ONS-2026-CSP,https://www.ons.gov.uk/file?uri=/peoplepopulationandcommunity/crimeandjustice/datasets/policeforceareadatatables/yearendingmarch2026/pfatablesyemarch2026.xlsx,2026-09-05,Table C2!N67; Table C4!G67; Table C4!P67,27d7884ef0e07dad01e602e48a430871ea2db1f558dbaa496e1f1f22e06c307f
portsmouth,violence_against_person,E22000118,Portsmouth,E23000030,Hampshire,2025-04-01,2026-03-31,9595,214300,mid-2024,nearest 100,44.769294656146627,62298,1322,Published annual CSP total; monthly completeness not independently verified,CRIME-ONS-2026-CSP,https://www.ons.gov.uk/file?uri=/peoplepopulationandcommunity/crimeandjustice/datasets/policeforceareadatatables/yearendingmarch2026/pfatablesyemarch2026.xlsx,2026-09-05,Table C2!H139; Table C4!G139; Table C4!J139,27d7884ef0e07dad01e602e48a430871ea2db1f558dbaa496e1f1f22e06c307f
portsmouth,sexual_offences,E22000118,Portsmouth,E23000030,Hampshire,2025-04-01,2026-03-31,1045,214300,mid-2024,nearest 100,4.875863774431811,7120,281,Published annual CSP total; monthly completeness not independently verified,CRIME-ONS-2026-CSP,https://www.ons.gov.uk/file?uri=/peoplepopulationandcommunity/crimeandjustice/datasets/policeforceareadatatables/yearendingmarch2026/pfatablesyemarch2026.xlsx,2026-09-05,Table C2!N139; Table C4!G139; Table C4!P139,27d7884ef0e07dad01e602e48a430871ea2db1f558dbaa496e1f1f22e06c307f
preston,violence_against_person,E22000158,Preston,E23000003,Lancashire,2025-04-01,2026-03-31,6419,162900,mid-2024,nearest 100,39.413252775321737,56236,980,Published annual CSP total; monthly completeness not independently verified,CRIME-ONS-2026-CSP,https://www.ons.gov.uk/file?uri=/peoplepopulationandcommunity/crimeandjustice/datasets/policeforceareadatatables/yearendingmarch2026/pfatablesyemarch2026.xlsx,2026-09-05,Table C2!H185; Table C4!G185; Table C4!J185,27d7884ef0e07dad01e602e48a430871ea2db1f558dbaa496e1f1f22e06c307f
preston,sexual_offences,E22000158,Preston,E23000003,Lancashire,2025-04-01,2026-03-31,705,162900,mid-2024,nearest 100,4.3287651046271733,5950,183,Published annual CSP total; monthly completeness not independently verified,CRIME-ONS-2026-CSP,https://www.ons.gov.uk/file?uri=/peoplepopulationandcommunity/crimeandjustice/datasets/policeforceareadatatables/yearendingmarch2026/pfatablesyemarch2026.xlsx,2026-09-05,Table C2!N185; Table C4!G185; Table C4!P185,27d7884ef0e07dad01e602e48a430871ea2db1f558dbaa496e1f1f22e06c307f
rotherham,violence_against_person,E22000261,Rotherham,E23000011,South Yorkshire,2025-04-01,2026-03-31,10269,276600,mid-2024,nearest 100,37.126484571304616,54042,641,Published annual CSP total; monthly completeness not independently verified,CRIME-ONS-2026-CSP,https://www.ons.gov.uk/file?uri=/peoplepopulationandcommunity/crimeandjustice/datasets/policeforceareadatatables/yearendingmarch2026/pfatablesyemarch2026.xlsx,2026-09-05,Table C2!H309; Table C4!G309; Table C4!J309,27d7884ef0e07dad01e602e48a430871ea2db1f558dbaa496e1f1f22e06c307f
rotherham,sexual_offences,E22000261,Rotherham,E23000011,South Yorkshire,2025-04-01,2026-03-31,1028,276600,mid-2024,nearest 100,3.7166253909145142,5705,389,Published annual CSP total; monthly completeness not independently verified,CRIME-ONS-2026-CSP,https://www.ons.gov.uk/file?uri=/peoplepopulationandcommunity/crimeandjustice/datasets/policeforceareadatatables/yearendingmarch2026/pfatablesyemarch2026.xlsx,2026-09-05,Table C2!N309; Table C4!G309; Table C4!P309,27d7884ef0e07dad01e602e48a430871ea2db1f558dbaa496e1f1f22e06c307f
salford,violence_against_person,E22000104,Salford,E23000005,Greater Manchester,2025-04-01,2026-03-31,12349,294300,mid-2024,nearest 100,41.953741829399213,125640,205,Published annual CSP total; monthly completeness not independently verified,CRIME-ONS-2026-CSP,https://www.ons.gov.uk/file?uri=/peoplepopulationandcommunity/crimeandjustice/datasets/policeforceareadatatables/yearendingmarch2026/pfatablesyemarch2026.xlsx,2026-09-05,Table C2!H117; Table C4!G117; Table C4!J117,27d7884ef0e07dad01e602e48a430871ea2db1f558dbaa496e1f1f22e06c307f
salford,sexual_offences,E22000104,Salford,E23000005,Greater Manchester,2025-04-01,2026-03-31,1261,294300,mid-2024,nearest 100,4.2840447361626373,12751,23,Published annual CSP total; monthly completeness not independently verified,CRIME-ONS-2026-CSP,https://www.ons.gov.uk/file?uri=/peoplepopulationandcommunity/crimeandjustice/datasets/policeforceareadatatables/yearendingmarch2026/pfatablesyemarch2026.xlsx,2026-09-05,Table C2!N117; Table C4!G117; Table C4!P117,27d7884ef0e07dad01e602e48a430871ea2db1f558dbaa496e1f1f22e06c307f
sheffield,violence_against_person,E22000262,Sheffield,E23000011,South Yorkshire,2025-04-01,2026-03-31,20012,582500,mid-2024,nearest 100,34.355777665997707,54042,641,Published annual CSP total; monthly completeness not independently verified,CRIME-ONS-2026-CSP,https://www.ons.gov.uk/file?uri=/peoplepopulationandcommunity/crimeandjustice/datasets/policeforceareadatatables/yearendingmarch2026/pfatablesyemarch2026.xlsx,2026-09-05,Table C2!H310; Table C4!G310; Table C4!J310,27d7884ef0e07dad01e602e48a430871ea2db1f558dbaa496e1f1f22e06c307f
sheffield,sexual_offences,E22000262,Sheffield,E23000011,South Yorkshire,2025-04-01,2026-03-31,2057,582500,mid-2024,nearest 100,3.5313729092023425,5705,389,Published annual CSP total; monthly completeness not independently verified,CRIME-ONS-2026-CSP,https://www.ons.gov.uk/file?uri=/peoplepopulationandcommunity/crimeandjustice/datasets/policeforceareadatatables/yearendingmarch2026/pfatablesyemarch2026.xlsx,2026-09-05,Table C2!N310; Table C4!G310; Table C4!P310,27d7884ef0e07dad01e602e48a430871ea2db1f558dbaa496e1f1f22e06c307f
shrewsbury,violence_against_person,E22000360,Shropshire,E23000016,West Mercia,2025-04-01,2026-03-31,6962,332500,mid-2024,nearest 100,20.941180009324569,33286,308,Published annual CSP total; monthly completeness not independently verified,CRIME-ONS-2026-CSP,https://www.ons.gov.uk/file?uri=/peoplepopulationandcommunity/crimeandjustice/datasets/policeforceareadatatables/yearendingmarch2026/pfatablesyemarch2026.xlsx,2026-09-05,Table C2!H384; Table C4!G384; Table C4!J384,27d7884ef0e07dad01e602e48a430871ea2db1f558dbaa496e1f1f22e06c307f
shrewsbury,sexual_offences,E22000360,Shropshire,E23000016,West Mercia,2025-04-01,2026-03-31,866,332500,mid-2024,nearest 100,2.6048638161555702,4063,54,Published annual CSP total; monthly completeness not independently verified,CRIME-ONS-2026-CSP,https://www.ons.gov.uk/file?uri=/peoplepopulationandcommunity/crimeandjustice/datasets/policeforceareadatatables/yearendingmarch2026/pfatablesyemarch2026.xlsx,2026-09-05,Table C2!N384; Table C4!G384; Table C4!P384,27d7884ef0e07dad01e602e48a430871ea2db1f558dbaa496e1f1f22e06c307f
st-helens,violence_against_person,E22000184,St. Helens,E23000004,Merseyside,2025-04-01,2026-03-31,6834,188900,mid-2024,nearest 100,36.185342659416186,55326,71,Published annual CSP total; monthly completeness not independently verified,CRIME-ONS-2026-CSP,https://www.ons.gov.uk/file?uri=/peoplepopulationandcommunity/crimeandjustice/datasets/policeforceareadatatables/yearendingmarch2026/pfatablesyemarch2026.xlsx,2026-09-05,Table C2!H216; Table C4!G216; Table C4!J216,27d7884ef0e07dad01e602e48a430871ea2db1f558dbaa496e1f1f22e06c307f
st-helens,sexual_offences,E22000184,St. Helens,E23000004,Merseyside,2025-04-01,2026-03-31,635,188900,mid-2024,nearest 100,3.3622611338497626,4984,56,Published annual CSP total; monthly completeness not independently verified,CRIME-ONS-2026-CSP,https://www.ons.gov.uk/file?uri=/peoplepopulationandcommunity/crimeandjustice/datasets/policeforceareadatatables/yearendingmarch2026/pfatablesyemarch2026.xlsx,2026-09-05,Table C2!N216; Table C4!G216; Table C4!P216,27d7884ef0e07dad01e602e48a430871ea2db1f558dbaa496e1f1f22e06c307f
stafford,violence_against_person,E22000268,Stafford,E23000015,Staffordshire,2025-04-01,2026-03-31,3958,141600,mid-2024,nearest 100,27.960665743592642,37896,450,Published annual CSP total; monthly completeness not independently verified,CRIME-ONS-2026-CSP,https://www.ons.gov.uk/file?uri=/peoplepopulationandcommunity/crimeandjustice/datasets/policeforceareadatatables/yearendingmarch2026/pfatablesyemarch2026.xlsx,2026-09-05,Table C2!H318; Table C4!G318; Table C4!J318,27d7884ef0e07dad01e602e48a430871ea2db1f558dbaa496e1f1f22e06c307f
stafford,sexual_offences,E22000268,Stafford,E23000015,Staffordshire,2025-04-01,2026-03-31,520,141600,mid-2024,nearest 100,3.6734578541354659,4261,76,Published annual CSP total; monthly completeness not independently verified,CRIME-ONS-2026-CSP,https://www.ons.gov.uk/file?uri=/peoplepopulationandcommunity/crimeandjustice/datasets/policeforceareadatatables/yearendingmarch2026/pfatablesyemarch2026.xlsx,2026-09-05,Table C2!N318; Table C4!G318; Table C4!P318,27d7884ef0e07dad01e602e48a430871ea2db1f558dbaa496e1f1f22e06c307f
stockport,violence_against_person,E22000105,Stockport,E23000005,Greater Manchester,2025-04-01,2026-03-31,8888,303900,mid-2024,nearest 100,29.243672041825558,125640,205,Published annual CSP total; monthly completeness not independently verified,CRIME-ONS-2026-CSP,https://www.ons.gov.uk/file?uri=/peoplepopulationandcommunity/crimeandjustice/datasets/policeforceareadatatables/yearendingmarch2026/pfatablesyemarch2026.xlsx,2026-09-05,Table C2!H118; Table C4!G118; Table C4!J118,27d7884ef0e07dad01e602e48a430871ea2db1f558dbaa496e1f1f22e06c307f
stockport,sexual_offences,E22000105,Stockport,E23000005,Greater Manchester,2025-04-01,2026-03-31,943,303900,mid-2024,nearest 100,3.1026983275699256,12751,23,Published annual CSP total; monthly completeness not independently verified,CRIME-ONS-2026-CSP,https://www.ons.gov.uk/file?uri=/peoplepopulationandcommunity/crimeandjustice/datasets/policeforceareadatatables/yearendingmarch2026/pfatablesyemarch2026.xlsx,2026-09-05,Table C2!N118; Table C4!G118; Table C4!P118,27d7884ef0e07dad01e602e48a430871ea2db1f558dbaa496e1f1f22e06c307f
stockton-on-tees,violence_against_person,E22000030,Stockton-on-Tees,E23000013,Cleveland,2025-04-01,2026-03-31,8316,206800,mid-2024,nearest 100,40.212765957446805,26600,5,Published annual CSP total; monthly completeness not independently verified,CRIME-ONS-2026-CSP,https://www.ons.gov.uk/file?uri=/peoplepopulationandcommunity/crimeandjustice/datasets/policeforceareadatatables/yearendingmarch2026/pfatablesyemarch2026.xlsx,2026-09-05,Table C2!H40; Table C4!G40; Table C4!J40,27d7884ef0e07dad01e602e48a430871ea2db1f558dbaa496e1f1f22e06c307f
stockton-on-tees,sexual_offences,E22000030,Stockton-on-Tees,E23000013,Cleveland,2025-04-01,2026-03-31,995,206800,mid-2024,nearest 100,4.8114119922630563,3025,4,Published annual CSP total; monthly completeness not independently verified,CRIME-ONS-2026-CSP,https://www.ons.gov.uk/file?uri=/peoplepopulationandcommunity/crimeandjustice/datasets/policeforceareadatatables/yearendingmarch2026/pfatablesyemarch2026.xlsx,2026-09-05,Table C2!N40; Table C4!G40; Table C4!P40,27d7884ef0e07dad01e602e48a430871ea2db1f558dbaa496e1f1f22e06c307f
stoke-on-trent,violence_against_person,E22000270,Stoke-on-Trent,E23000015,Staffordshire,2025-04-01,2026-03-31,12188,270400,mid-2024,nearest 100,45.069797540907828,37896,450,Published annual CSP total; monthly completeness not independently verified,CRIME-ONS-2026-CSP,https://www.ons.gov.uk/file?uri=/peoplepopulationandcommunity/crimeandjustice/datasets/policeforceareadatatables/yearendingmarch2026/pfatablesyemarch2026.xlsx,2026-09-05,Table C2!H320; Table C4!G320; Table C4!J320,27d7884ef0e07dad01e602e48a430871ea2db1f558dbaa496e1f1f22e06c307f
stoke-on-trent,sexual_offences,E22000270,Stoke-on-Trent,E23000015,Staffordshire,2025-04-01,2026-03-31,1362,270400,mid-2024,nearest 100,5.0365165942497923,4261,76,Published annual CSP total; monthly completeness not independently verified,CRIME-ONS-2026-CSP,https://www.ons.gov.uk/file?uri=/peoplepopulationandcommunity/crimeandjustice/datasets/policeforceareadatatables/yearendingmarch2026/pfatablesyemarch2026.xlsx,2026-09-05,Table C2!N320; Table C4!G320; Table C4!P320,27d7884ef0e07dad01e602e48a430871ea2db1f558dbaa496e1f1f22e06c307f
sunderland,violence_against_person,E22000248,Sunderland,E23000007,Northumbria,2025-04-01,2026-03-31,9679,288600,mid-2024,nearest 100,33.537071301358949,49092,695,Published annual CSP total; monthly completeness not independently verified,CRIME-ONS-2026-CSP,https://www.ons.gov.uk/file?uri=/peoplepopulationandcommunity/crimeandjustice/datasets/policeforceareadatatables/yearendingmarch2026/pfatablesyemarch2026.xlsx,2026-09-05,Table C2!H288; Table C4!G288; Table C4!J288,27d7884ef0e07dad01e602e48a430871ea2db1f558dbaa496e1f1f22e06c307f
sunderland,sexual_offences,E22000248,Sunderland,E23000007,Northumbria,2025-04-01,2026-03-31,1140,288600,mid-2024,nearest 100,3.9500218290680023,5861,110,Published annual CSP total; monthly completeness not independently verified,CRIME-ONS-2026-CSP,https://www.ons.gov.uk/file?uri=/peoplepopulationandcommunity/crimeandjustice/datasets/policeforceareadatatables/yearendingmarch2026/pfatablesyemarch2026.xlsx,2026-09-05,Table C2!N288; Table C4!G288; Table C4!P288,27d7884ef0e07dad01e602e48a430871ea2db1f558dbaa496e1f1f22e06c307f
swansea,violence_against_person,W14000011,Swansea,W15000003,South Wales,2025-04-01,2026-03-31,7316,251300,mid-2024,nearest 100,29.11215102027823,41549,290,Published annual CSP total; monthly completeness not independently verified,CRIME-ONS-2026-CSP,https://www.ons.gov.uk/file?uri=/peoplepopulationandcommunity/crimeandjustice/datasets/policeforceareadatatables/yearendingmarch2026/pfatablesyemarch2026.xlsx,2026-09-05,Table C2!H303; Table C4!G303; Table C4!J303,27d7884ef0e07dad01e602e48a430871ea2db1f558dbaa496e1f1f22e06c307f
swansea,sexual_offences,W14000011,Swansea,W15000003,South Wales,2025-04-01,2026-03-31,877,251300,mid-2024,nearest 100,3.4897972177124119,4678,55,Published annual CSP total; monthly completeness not independently verified,CRIME-ONS-2026-CSP,https://www.ons.gov.uk/file?uri=/peoplepopulationandcommunity/crimeandjustice/datasets/policeforceareadatatables/yearendingmarch2026/pfatablesyemarch2026.xlsx,2026-09-05,Table C2!N303; Table C4!G303; Table C4!P303,27d7884ef0e07dad01e602e48a430871ea2db1f558dbaa496e1f1f22e06c307f
swindon,violence_against_person,E22000350,Swindon,E23000038,Wiltshire ,2025-04-01,2026-03-31,7039,243900,mid-2024,nearest 100,28.863147104049204,17873,100,Published annual CSP total; monthly completeness not independently verified,CRIME-ONS-2026-CSP,https://www.ons.gov.uk/file?uri=/peoplepopulationandcommunity/crimeandjustice/datasets/policeforceareadatatables/yearendingmarch2026/pfatablesyemarch2026.xlsx,2026-09-05,Table C2!H405; Table C4!G405; Table C4!J405,27d7884ef0e07dad01e602e48a430871ea2db1f558dbaa496e1f1f22e06c307f
swindon,sexual_offences,E22000350,Swindon,E23000038,Wiltshire ,2025-04-01,2026-03-31,889,243900,mid-2024,nearest 100,3.6453100973859556,2417,99,Published annual CSP total; monthly completeness not independently verified,CRIME-ONS-2026-CSP,https://www.ons.gov.uk/file?uri=/peoplepopulationandcommunity/crimeandjustice/datasets/policeforceareadatatables/yearendingmarch2026/pfatablesyemarch2026.xlsx,2026-09-05,Table C2!N405; Table C4!G405; Table C4!P405,27d7884ef0e07dad01e602e48a430871ea2db1f558dbaa496e1f1f22e06c307f
telford,violence_against_person,E22000333,Telford and Wrekin,E23000016,West Mercia,2025-04-01,2026-03-31,6254,196000,mid-2024,nearest 100,31.915979423532296,33286,308,Published annual CSP total; monthly completeness not independently verified,CRIME-ONS-2026-CSP,https://www.ons.gov.uk/file?uri=/peoplepopulationandcommunity/crimeandjustice/datasets/policeforceareadatatables/yearendingmarch2026/pfatablesyemarch2026.xlsx,2026-09-05,Table C2!H386; Table C4!G386; Table C4!J386,27d7884ef0e07dad01e602e48a430871ea2db1f558dbaa496e1f1f22e06c307f
telford,sexual_offences,E22000333,Telford and Wrekin,E23000016,West Mercia,2025-04-01,2026-03-31,764,196000,mid-2024,nearest 100,3.8989140197599412,4063,54,Published annual CSP total; monthly completeness not independently verified,CRIME-ONS-2026-CSP,https://www.ons.gov.uk/file?uri=/peoplepopulationandcommunity/crimeandjustice/datasets/policeforceareadatatables/yearendingmarch2026/pfatablesyemarch2026.xlsx,2026-09-05,Table C2!N386; Table C4!G386; Table C4!P386,27d7884ef0e07dad01e602e48a430871ea2db1f558dbaa496e1f1f22e06c307f
torbay,violence_against_person,E22000060,Torbay,E23000035,Devon and Cornwall,2025-04-01,2026-03-31,6177,140100,mid-2024,nearest 100,44.081754991935824,56685,1,Published annual CSP total; monthly completeness not independently verified,CRIME-ONS-2026-CSP,https://www.ons.gov.uk/file?uri=/peoplepopulationandcommunity/crimeandjustice/datasets/policeforceareadatatables/yearendingmarch2026/pfatablesyemarch2026.xlsx,2026-09-05,Table C2!H69; Table C4!G69; Table C4!J69,27d7884ef0e07dad01e602e48a430871ea2db1f558dbaa496e1f1f22e06c307f
torbay,sexual_offences,E22000060,Torbay,E23000035,Devon and Cornwall,2025-04-01,2026-03-31,627,140100,mid-2024,nearest 100,4.4745443386666288,6678,2,Published annual CSP total; monthly completeness not independently verified,CRIME-ONS-2026-CSP,https://www.ons.gov.uk/file?uri=/peoplepopulationandcommunity/crimeandjustice/datasets/policeforceareadatatables/yearendingmarch2026/pfatablesyemarch2026.xlsx,2026-09-05,Table C2!N69; Table C4!G69; Table C4!P69,27d7884ef0e07dad01e602e48a430871ea2db1f558dbaa496e1f1f22e06c307f
wakefield,violence_against_person,E22000346,Wakefield,E23000010,West Yorkshire,2025-04-01,2026-03-31,17533,367700,mid-2024,nearest 100,47.687303150141702,111552,6,Published annual CSP total; monthly completeness not independently verified,CRIME-ONS-2026-CSP,https://www.ons.gov.uk/file?uri=/peoplepopulationandcommunity/crimeandjustice/datasets/policeforceareadatatables/yearendingmarch2026/pfatablesyemarch2026.xlsx,2026-09-05,Table C2!H403; Table C4!G403; Table C4!J403,27d7884ef0e07dad01e602e48a430871ea2db1f558dbaa496e1f1f22e06c307f
wakefield,sexual_offences,E22000346,Wakefield,E23000010,West Yorkshire,2025-04-01,2026-03-31,1612,367700,mid-2024,nearest 100,4.3844141149847955,10639,6,Published annual CSP total; monthly completeness not independently verified,CRIME-ONS-2026-CSP,https://www.ons.gov.uk/file?uri=/peoplepopulationandcommunity/crimeandjustice/datasets/policeforceareadatatables/yearendingmarch2026/pfatablesyemarch2026.xlsx,2026-09-05,Table C2!N403; Table C4!G403; Table C4!P403,27d7884ef0e07dad01e602e48a430871ea2db1f558dbaa496e1f1f22e06c307f
walsall,violence_against_person,E22000340,Walsall,E23000014,West Midlands,2025-04-01,2026-03-31,10522,295700,mid-2024,nearest 100,35.586009104498814,120341,1301,Published annual CSP total; monthly completeness not independently verified,CRIME-ONS-2026-CSP,https://www.ons.gov.uk/file?uri=/peoplepopulationandcommunity/crimeandjustice/datasets/policeforceareadatatables/yearendingmarch2026/pfatablesyemarch2026.xlsx,2026-09-05,Table C2!H395; Table C4!G395; Table C4!J395,27d7884ef0e07dad01e602e48a430871ea2db1f558dbaa496e1f1f22e06c307f
walsall,sexual_offences,E22000340,Walsall,E23000014,West Midlands,2025-04-01,2026-03-31,1002,295700,mid-2024,nearest 100,3.3888216235228863,12069,233,Published annual CSP total; monthly completeness not independently verified,CRIME-ONS-2026-CSP,https://www.ons.gov.uk/file?uri=/peoplepopulationandcommunity/crimeandjustice/datasets/policeforceareadatatables/yearendingmarch2026/pfatablesyemarch2026.xlsx,2026-09-05,Table C2!N395; Table C4!G395; Table C4!P395,27d7884ef0e07dad01e602e48a430871ea2db1f558dbaa496e1f1f22e06c307f
warrington,violence_against_person,E22000026,Warrington,E23000006,Cheshire,2025-04-01,2026-03-31,6799,215400,mid-2024,nearest 100,31.565850012303205,34480,77,Published annual CSP total; monthly completeness not independently verified,CRIME-ONS-2026-CSP,https://www.ons.gov.uk/file?uri=/peoplepopulationandcommunity/crimeandjustice/datasets/policeforceareadatatables/yearendingmarch2026/pfatablesyemarch2026.xlsx,2026-09-05,Table C2!H34; Table C4!G34; Table C4!J34,27d7884ef0e07dad01e602e48a430871ea2db1f558dbaa496e1f1f22e06c307f
warrington,sexual_offences,E22000026,Warrington,E23000006,Cheshire,2025-04-01,2026-03-31,789,215400,mid-2024,nearest 100,3.6631057007952981,4133,65,Published annual CSP total; monthly completeness not independently verified,CRIME-ONS-2026-CSP,https://www.ons.gov.uk/file?uri=/peoplepopulationandcommunity/crimeandjustice/datasets/policeforceareadatatables/yearendingmarch2026/pfatablesyemarch2026.xlsx,2026-09-05,Table C2!N34; Table C4!G34; Table C4!P34,27d7884ef0e07dad01e602e48a430871ea2db1f558dbaa496e1f1f22e06c307f
wigan,violence_against_person,E22000108,Wigan,E23000005,Greater Manchester,2025-04-01,2026-03-31,13720,344900,mid-2024,nearest 100,39.777109027548263,125640,205,Published annual CSP total; monthly completeness not independently verified,CRIME-ONS-2026-CSP,https://www.ons.gov.uk/file?uri=/peoplepopulationandcommunity/crimeandjustice/datasets/policeforceareadatatables/yearendingmarch2026/pfatablesyemarch2026.xlsx,2026-09-05,Table C2!H122; Table C4!G122; Table C4!J122,27d7884ef0e07dad01e602e48a430871ea2db1f558dbaa496e1f1f22e06c307f
wigan,sexual_offences,E22000108,Wigan,E23000005,Greater Manchester,2025-04-01,2026-03-31,1236,344900,mid-2024,nearest 100,3.5834188599161547,12751,23,Published annual CSP total; monthly completeness not independently verified,CRIME-ONS-2026-CSP,https://www.ons.gov.uk/file?uri=/peoplepopulationandcommunity/crimeandjustice/datasets/policeforceareadatatables/yearendingmarch2026/pfatablesyemarch2026.xlsx,2026-09-05,Table C2!N122; Table C4!G122; Table C4!P122,27d7884ef0e07dad01e602e48a430871ea2db1f558dbaa496e1f1f22e06c307f
wolverhampton,violence_against_person,E22000341,Wolverhampton,E23000014,West Midlands,2025-04-01,2026-03-31,10861,281300,mid-2024,nearest 100,38.616751584883254,120341,1301,Published annual CSP total; monthly completeness not independently verified,CRIME-ONS-2026-CSP,https://www.ons.gov.uk/file?uri=/peoplepopulationandcommunity/crimeandjustice/datasets/policeforceareadatatables/yearendingmarch2026/pfatablesyemarch2026.xlsx,2026-09-05,Table C2!H396; Table C4!G396; Table C4!J396,27d7884ef0e07dad01e602e48a430871ea2db1f558dbaa496e1f1f22e06c307f
wolverhampton,sexual_offences,E22000341,Wolverhampton,E23000014,West Midlands,2025-04-01,2026-03-31,993,281300,mid-2024,nearest 100,3.5306541132298195,12069,233,Published annual CSP total; monthly completeness not independently verified,CRIME-ONS-2026-CSP,https://www.ons.gov.uk/file?uri=/peoplepopulationandcommunity/crimeandjustice/datasets/policeforceareadatatables/yearendingmarch2026/pfatablesyemarch2026.xlsx,2026-09-05,Table C2!N396; Table C4!G396; Table C4!P396,27d7884ef0e07dad01e602e48a430871ea2db1f558dbaa496e1f1f22e06c307f
worcester,violence_against_person,E22000332,South Worcester,E23000016,West Mercia,2025-04-01,2026-03-31,8245,327900,mid-2024,nearest 100,25.143711022673561,33286,308,Published annual CSP total; monthly completeness not independently verified,CRIME-ONS-2026-CSP,https://www.ons.gov.uk/file?uri=/peoplepopulationandcommunity/crimeandjustice/datasets/policeforceareadatatables/yearendingmarch2026/pfatablesyemarch2026.xlsx,2026-09-05,Table C2!H385; Table C4!G385; Table C4!J385,27d7884ef0e07dad01e602e48a430871ea2db1f558dbaa496e1f1f22e06c307f
worcester,sexual_offences,E22000332,South Worcester,E23000016,West Mercia,2025-04-01,2026-03-31,915,327900,mid-2024,nearest 100,2.7903572572160469,4063,54,Published annual CSP total; monthly completeness not independently verified,CRIME-ONS-2026-CSP,https://www.ons.gov.uk/file?uri=/peoplepopulationandcommunity/crimeandjustice/datasets/policeforceareadatatables/yearendingmarch2026/pfatablesyemarch2026.xlsx,2026-09-05,Table C2!N385; Table C4!G385; Table C4!P385,27d7884ef0e07dad01e602e48a430871ea2db1f558dbaa496e1f1f22e06c307f
wrexham,violence_against_person,W14000006,Wrexham,W15000001,North Wales,2025-04-01,2026-03-31,4845,138200,mid-2024,nearest 100,35.046475460233644,23879,12,Published annual CSP total; monthly completeness not independently verified,CRIME-ONS-2026-CSP,https://www.ons.gov.uk/file?uri=/peoplepopulationandcommunity/crimeandjustice/datasets/policeforceareadatatables/yearendingmarch2026/pfatablesyemarch2026.xlsx,2026-09-05,Table C2!H269; Table C4!G269; Table C4!J269,27d7884ef0e07dad01e602e48a430871ea2db1f558dbaa496e1f1f22e06c307f
wrexham,sexual_offences,W14000006,Wrexham,W15000001,North Wales,2025-04-01,2026-03-31,511,138200,mid-2024,nearest 100,3.6963362146913088,2582,5,Published annual CSP total; monthly completeness not independently verified,CRIME-ONS-2026-CSP,https://www.ons.gov.uk/file?uri=/peoplepopulationandcommunity/crimeandjustice/datasets/policeforceareadatatables/yearendingmarch2026/pfatablesyemarch2026.xlsx,2026-09-05,Table C2!N269; Table C4!G269; Table C4!P269,27d7884ef0e07dad01e602e48a430871ea2db1f558dbaa496e1f1f22e06c307f
bristol,violence_against_person,E22000002,"Bristol, City of",E23000036,Avon and Somerset,2025-04-01,2026-03-31,23438,494400,mid-2024,nearest 100,47.407053816856425,69922,1365,Published annual CSP total; monthly completeness not independently verified,CRIME-ONS-2026-CSP,https://www.ons.gov.uk/file?uri=/peoplepopulationandcommunity/crimeandjustice/datasets/policeforceareadatatables/yearendingmarch2026/pfatablesyemarch2026.xlsx,2026-09-05,Table C2!H11; Table C4!G11; Table C4!J11,27d7884ef0e07dad01e602e48a430871ea2db1f558dbaa496e1f1f22e06c307f
bristol,sexual_offences,E22000002,"Bristol, City of",E23000036,Avon and Somerset,2025-04-01,2026-03-31,2553,494400,mid-2024,nearest 100,5.1638453961274191,7765,394,Published annual CSP total; monthly completeness not independently verified,CRIME-ONS-2026-CSP,https://www.ons.gov.uk/file?uri=/peoplepopulationandcommunity/crimeandjustice/datasets/policeforceareadatatables/yearendingmarch2026/pfatablesyemarch2026.xlsx,2026-09-05,Table C2!N11; Table C4!G11; Table C4!P11,27d7884ef0e07dad01e602e48a430871ea2db1f558dbaa496e1f1f22e06c307f
southampton,violence_against_person,E22000120,Southampton,E23000030,Hampshire,2025-04-01,2026-03-31,11696,259400,mid-2024,nearest 100,45.084494880967064,62298,1322,Published annual CSP total; monthly completeness not independently verified,CRIME-ONS-2026-CSP,https://www.ons.gov.uk/file?uri=/peoplepopulationandcommunity/crimeandjustice/datasets/policeforceareadatatables/yearendingmarch2026/pfatablesyemarch2026.xlsx,2026-09-05,Table C2!H140; Table C4!G140; Table C4!J140,27d7884ef0e07dad01e602e48a430871ea2db1f558dbaa496e1f1f22e06c307f
southampton,sexual_offences,E22000120,Southampton,E23000030,Hampshire,2025-04-01,2026-03-31,1286,259400,mid-2024,nearest 100,4.9571358085605031,7120,281,Published annual CSP total; monthly completeness not independently verified,CRIME-ONS-2026-CSP,https://www.ons.gov.uk/file?uri=/peoplepopulationandcommunity/crimeandjustice/datasets/policeforceareadatatables/yearendingmarch2026/pfatablesyemarch2026.xlsx,2026-09-05,Table C2!N140; Table C4!G140; Table C4!P140,27d7884ef0e07dad01e602e48a430871ea2db1f558dbaa496e1f1f22e06c307f
bournemouth-poole,violence_against_person,E22000367,Dorset,E23000039,Dorset,2025-04-01,2026-03-31,8306,439900,mid-2024,nearest 100,18.88104893706014,18452,199,Published annual CSP total; monthly completeness not independently verified,CRIME-ONS-2026-CSP,https://www.ons.gov.uk/file?uri=/peoplepopulationandcommunity/crimeandjustice/datasets/policeforceareadatatables/yearendingmarch2026/pfatablesyemarch2026.xlsx,2026-09-05,Table C2!H73; Table C4!G73; Table C4!J73,27d7884ef0e07dad01e602e48a430871ea2db1f558dbaa496e1f1f22e06c307f
bournemouth-poole,sexual_offences,E22000367,Dorset,E23000039,Dorset,2025-04-01,2026-03-31,995,439900,mid-2024,nearest 100,2.2618159995635492,2247,58,Published annual CSP total; monthly completeness not independently verified,CRIME-ONS-2026-CSP,https://www.ons.gov.uk/file?uri=/peoplepopulationandcommunity/crimeandjustice/datasets/policeforceareadatatables/yearendingmarch2026/pfatablesyemarch2026.xlsx,2026-09-05,Table C2!N73; Table C4!G73; Table C4!P73,27d7884ef0e07dad01e602e48a430871ea2db1f558dbaa496e1f1f22e06c307f
brighton-hove,violence_against_person,E22000292,Brighton and Hove,E23000033,Sussex,2025-04-01,2026-03-31,9193,283900,mid-2024,nearest 100,32.384542220030298,46496,899,Published annual CSP total; monthly completeness not independently verified,CRIME-ONS-2026-CSP,https://www.ons.gov.uk/file?uri=/peoplepopulationandcommunity/crimeandjustice/datasets/policeforceareadatatables/yearendingmarch2026/pfatablesyemarch2026.xlsx,2026-09-05,Table C2!H345; Table C4!G345; Table C4!J345,27d7884ef0e07dad01e602e48a430871ea2db1f558dbaa496e1f1f22e06c307f
brighton-hove,sexual_offences,E22000292,Brighton and Hove,E23000033,Sussex,2025-04-01,2026-03-31,1227,283900,mid-2024,nearest 100,4.3224010990946562,5882,344,Published annual CSP total; monthly completeness not independently verified,CRIME-ONS-2026-CSP,https://www.ons.gov.uk/file?uri=/peoplepopulationandcommunity/crimeandjustice/datasets/policeforceareadatatables/yearendingmarch2026/pfatablesyemarch2026.xlsx,2026-09-05,Table C2!N345; Table C4!G345; Table C4!P345,27d7884ef0e07dad01e602e48a430871ea2db1f558dbaa496e1f1f22e06c307f
exeter,violence_against_person,E22000049,Exeter,E23000035,Devon and Cornwall,2025-04-01,2026-03-31,5548,138400,mid-2024,nearest 100,40.086994848228677,56685,1,Published annual CSP total; monthly completeness not independently verified,CRIME-ONS-2026-CSP,https://www.ons.gov.uk/file?uri=/peoplepopulationandcommunity/crimeandjustice/datasets/policeforceareadatatables/yearendingmarch2026/pfatablesyemarch2026.xlsx,2026-09-05,Table C2!H64; Table C4!G64; Table C4!J64,27d7884ef0e07dad01e602e48a430871ea2db1f558dbaa496e1f1f22e06c307f
exeter,sexual_offences,E22000049,Exeter,E23000035,Devon and Cornwall,2025-04-01,2026-03-31,678,138400,mid-2024,nearest 100,4.898879327162768,6678,2,Published annual CSP total; monthly completeness not independently verified,CRIME-ONS-2026-CSP,https://www.ons.gov.uk/file?uri=/peoplepopulationandcommunity/crimeandjustice/datasets/policeforceareadatatables/yearendingmarch2026/pfatablesyemarch2026.xlsx,2026-09-05,Table C2!N64; Table C4!G64; Table C4!P64,27d7884ef0e07dad01e602e48a430871ea2db1f558dbaa496e1f1f22e06c307f
reading,violence_against_person,E22000309,Reading,E23000029,Thames Valley,2025-04-01,2026-03-31,6152,182900,mid-2024,nearest 100,33.634579321731806,63490,377,Published annual CSP total; monthly completeness not independently verified,CRIME-ONS-2026-CSP,https://www.ons.gov.uk/file?uri=/peoplepopulationandcommunity/crimeandjustice/datasets/policeforceareadatatables/yearendingmarch2026/pfatablesyemarch2026.xlsx,2026-09-05,Table C2!H364; Table C4!G364; Table C4!J364,27d7884ef0e07dad01e602e48a430871ea2db1f558dbaa496e1f1f22e06c307f
reading,sexual_offences,E22000309,Reading,E23000029,Thames Valley,2025-04-01,2026-03-31,738,182900,mid-2024,nearest 100,4.0348373763715983,7345,128,Published annual CSP total; monthly completeness not independently verified,CRIME-ONS-2026-CSP,https://www.ons.gov.uk/file?uri=/peoplepopulationandcommunity/crimeandjustice/datasets/policeforceareadatatables/yearendingmarch2026/pfatablesyemarch2026.xlsx,2026-09-05,Table C2!N364; Table C4!G364; Table C4!P364,27d7884ef0e07dad01e602e48a430871ea2db1f558dbaa496e1f1f22e06c307f
milton-keynes,violence_against_person,E22000307,Milton Keynes,E23000029,Thames Valley,2025-04-01,2026-03-31,10369,305900,mid-2024,nearest 100,33.898471315923679,63490,377,Published annual CSP total; monthly completeness not independently verified,CRIME-ONS-2026-CSP,https://www.ons.gov.uk/file?uri=/peoplepopulationandcommunity/crimeandjustice/datasets/policeforceareadatatables/yearendingmarch2026/pfatablesyemarch2026.xlsx,2026-09-05,Table C2!H362; Table C4!G362; Table C4!J362,27d7884ef0e07dad01e602e48a430871ea2db1f558dbaa496e1f1f22e06c307f
milton-keynes,sexual_offences,E22000307,Milton Keynes,E23000029,Thames Valley,2025-04-01,2026-03-31,1206,305900,mid-2024,nearest 100,3.942671077924965,7345,128,Published annual CSP total; monthly completeness not independently verified,CRIME-ONS-2026-CSP,https://www.ons.gov.uk/file?uri=/peoplepopulationandcommunity/crimeandjustice/datasets/policeforceareadatatables/yearendingmarch2026/pfatablesyemarch2026.xlsx,2026-09-05,Table C2!N362; Table C4!G362; Table C4!P362,27d7884ef0e07dad01e602e48a430871ea2db1f558dbaa496e1f1f22e06c307f
luton,violence_against_person,E22000010,Luton,E23000026,Bedfordshire,2025-04-01,2026-03-31,7260,239100,mid-2024,nearest 100,30.365134468191894,19200,666,Published annual CSP total; monthly completeness not independently verified,CRIME-ONS-2026-CSP,https://www.ons.gov.uk/file?uri=/peoplepopulationandcommunity/crimeandjustice/datasets/policeforceareadatatables/yearendingmarch2026/pfatablesyemarch2026.xlsx,2026-09-05,Table C2!H19; Table C4!G19; Table C4!J19,27d7884ef0e07dad01e602e48a430871ea2db1f558dbaa496e1f1f22e06c307f
luton,sexual_offences,E22000010,Luton,E23000026,Bedfordshire,2025-04-01,2026-03-31,779,239100,mid-2024,nearest 100,3.2581872934878078,2290,203,Published annual CSP total; monthly completeness not independently verified,CRIME-ONS-2026-CSP,https://www.ons.gov.uk/file?uri=/peoplepopulationandcommunity/crimeandjustice/datasets/policeforceareadatatables/yearendingmarch2026/pfatablesyemarch2026.xlsx,2026-09-05,Table C2!N19; Table C4!G19; Table C4!P19,27d7884ef0e07dad01e602e48a430871ea2db1f558dbaa496e1f1f22e06c307f
southend-on-sea,violence_against_person,E22000089,Southend-on-Sea,E23000028,Essex,2025-04-01,2026-03-31,7519,185300,mid-2024,nearest 100,40.587079500798893,58849,1111,Published annual CSP total; monthly completeness not independently verified,CRIME-ONS-2026-CSP,https://www.ons.gov.uk/file?uri=/peoplepopulationandcommunity/crimeandjustice/datasets/policeforceareadatatables/yearendingmarch2026/pfatablesyemarch2026.xlsx,2026-09-05,Table C2!H97; Table C4!G97; Table C4!J97,27d7884ef0e07dad01e602e48a430871ea2db1f558dbaa496e1f1f22e06c307f
southend-on-sea,sexual_offences,E22000089,Southend-on-Sea,E23000028,Essex,2025-04-01,2026-03-31,793,185300,mid-2024,nearest 100,4.2805631126657167,6170,315,Published annual CSP total; monthly completeness not independently verified,CRIME-ONS-2026-CSP,https://www.ons.gov.uk/file?uri=/peoplepopulationandcommunity/crimeandjustice/datasets/policeforceareadatatables/yearendingmarch2026/pfatablesyemarch2026.xlsx,2026-09-05,Table C2!N97; Table C4!G97; Table C4!P97,27d7884ef0e07dad01e602e48a430871ea2db1f558dbaa496e1f1f22e06c307f
cambridge,violence_against_person,E22000013,Cambridge,E23000023,Cambridgeshire,2025-04-01,2026-03-31,4095,149400,mid-2024,nearest 100,27.418447694038246,26485,382,Published annual CSP total; monthly completeness not independently verified,CRIME-ONS-2026-CSP,https://www.ons.gov.uk/file?uri=/peoplepopulationandcommunity/crimeandjustice/datasets/policeforceareadatatables/yearendingmarch2026/pfatablesyemarch2026.xlsx,2026-09-05,Table C2!H22; Table C4!G22; Table C4!J22,27d7884ef0e07dad01e602e48a430871ea2db1f558dbaa496e1f1f22e06c307f
cambridge,sexual_offences,E22000013,Cambridge,E23000023,Cambridgeshire,2025-04-01,2026-03-31,449,149400,mid-2024,nearest 100,3.006320638491617,3087,188,Published annual CSP total; monthly completeness not independently verified,CRIME-ONS-2026-CSP,https://www.ons.gov.uk/file?uri=/peoplepopulationandcommunity/crimeandjustice/datasets/policeforceareadatatables/yearendingmarch2026/pfatablesyemarch2026.xlsx,2026-09-05,Table C2!N22; Table C4!G22; Table C4!P22,27d7884ef0e07dad01e602e48a430871ea2db1f558dbaa496e1f1f22e06c307f
colchester,violence_against_person,E22000084,Colchester,E23000028,Essex,2025-04-01,2026-03-31,7156,200200,mid-2024,nearest 100,35.740328235658417,58849,1111,Published annual CSP total; monthly completeness not independently verified,CRIME-ONS-2026-CSP,https://www.ons.gov.uk/file?uri=/peoplepopulationandcommunity/crimeandjustice/datasets/policeforceareadatatables/yearendingmarch2026/pfatablesyemarch2026.xlsx,2026-09-05,Table C2!H92; Table C4!G92; Table C4!J92,27d7884ef0e07dad01e602e48a430871ea2db1f558dbaa496e1f1f22e06c307f
colchester,sexual_offences,E22000084,Colchester,E23000028,Essex,2025-04-01,2026-03-31,798,200200,mid-2024,nearest 100,3.9855760106282023,6170,315,Published annual CSP total; monthly completeness not independently verified,CRIME-ONS-2026-CSP,https://www.ons.gov.uk/file?uri=/peoplepopulationandcommunity/crimeandjustice/datasets/policeforceareadatatables/yearendingmarch2026/pfatablesyemarch2026.xlsx,2026-09-05,Table C2!N92; Table C4!G92; Table C4!P92,27d7884ef0e07dad01e602e48a430871ea2db1f558dbaa496e1f1f22e06c307f
oxford,violence_against_person,E22000308,Oxford,E23000029,Thames Valley,2025-04-01,2026-03-31,5099,166000,mid-2024,nearest 100,30.710577351626775,63490,377,Published annual CSP total; monthly completeness not independently verified,CRIME-ONS-2026-CSP,https://www.ons.gov.uk/file?uri=/peoplepopulationandcommunity/crimeandjustice/datasets/policeforceareadatatables/yearendingmarch2026/pfatablesyemarch2026.xlsx,2026-09-05,Table C2!H363; Table C4!G363; Table C4!J363,27d7884ef0e07dad01e602e48a430871ea2db1f558dbaa496e1f1f22e06c307f
oxford,sexual_offences,E22000308,Oxford,E23000029,Thames Valley,2025-04-01,2026-03-31,652,166000,mid-2024,nearest 100,3.9269065372152689,7345,128,Published annual CSP total; monthly completeness not independently verified,CRIME-ONS-2026-CSP,https://www.ons.gov.uk/file?uri=/peoplepopulationandcommunity/crimeandjustice/datasets/policeforceareadatatables/yearendingmarch2026/pfatablesyemarch2026.xlsx,2026-09-05,Table C2!N363; Table C4!G363; Table C4!P363,27d7884ef0e07dad01e602e48a430871ea2db1f558dbaa496e1f1f22e06c307f
bath,violence_against_person,E22000001,Bath and North East Somerset,E23000036,Avon and Somerset,2025-04-01,2026-03-31,6300,200000,mid-2024,nearest 100,31.495590617313578,69922,1365,Published annual CSP total; monthly completeness not independently verified,CRIME-ONS-2026-CSP,https://www.ons.gov.uk/file?uri=/peoplepopulationandcommunity/crimeandjustice/datasets/policeforceareadatatables/yearendingmarch2026/pfatablesyemarch2026.xlsx,2026-09-05,Table C2!H10; Table C4!G10; Table C4!J10,27d7884ef0e07dad01e602e48a430871ea2db1f558dbaa496e1f1f22e06c307f
bath,sexual_offences,E22000001,Bath and North East Somerset,E23000036,Avon and Somerset,2025-04-01,2026-03-31,626,200000,mid-2024,nearest 100,3.1295618613394125,7765,394,Published annual CSP total; monthly completeness not independently verified,CRIME-ONS-2026-CSP,https://www.ons.gov.uk/file?uri=/peoplepopulationandcommunity/crimeandjustice/datasets/policeforceareadatatables/yearendingmarch2026/pfatablesyemarch2026.xlsx,2026-09-05,Table C2!N10; Table C4!G10; Table C4!P10,27d7884ef0e07dad01e602e48a430871ea2db1f558dbaa496e1f1f22e06c307f
bridgend,violence_against_person,W14000013,Bridgend,W15000003,South Wales,2025-04-01,2026-03-31,4532,147500,mid-2024,nearest 100,30.719175760862196,41549,290,Published annual CSP total; monthly completeness not independently verified,CRIME-ONS-2026-CSP,https://www.ons.gov.uk/file?uri=/peoplepopulationandcommunity/crimeandjustice/datasets/policeforceareadatatables/yearendingmarch2026/pfatablesyemarch2026.xlsx,2026-09-05,Table C2!H299; Table C4!G299; Table C4!J299,27d7884ef0e07dad01e602e48a430871ea2db1f558dbaa496e1f1f22e06c307f
bridgend,sexual_offences,W14000013,Bridgend,W15000003,South Wales,2025-04-01,2026-03-31,510,147500,mid-2024,nearest 100,3.4569240154544838,4678,55,Published annual CSP total; monthly completeness not independently verified,CRIME-ONS-2026-CSP,https://www.ons.gov.uk/file?uri=/peoplepopulationandcommunity/crimeandjustice/datasets/policeforceareadatatables/yearendingmarch2026/pfatablesyemarch2026.xlsx,2026-09-05,Table C2!N299; Table C4!G299; Table C4!P299,27d7884ef0e07dad01e602e48a430871ea2db1f558dbaa496e1f1f22e06c307f
llanelli,violence_against_person,W14000010,Carmarthenshire,W15000004,Dyfed-Powys,2025-04-01,2026-03-31,5711,190800,mid-2024,nearest 100,29.931865828092242,16746,1298,Published annual CSP total; monthly completeness not independently verified,CRIME-ONS-2026-CSP,https://www.ons.gov.uk/file?uri=/peoplepopulationandcommunity/crimeandjustice/datasets/policeforceareadatatables/yearendingmarch2026/pfatablesyemarch2026.xlsx,2026-09-05,Table C2!H81; Table C4!G81; Table C4!J81,27d7884ef0e07dad01e602e48a430871ea2db1f558dbaa496e1f1f22e06c307f
llanelli,sexual_offences,W14000010,Carmarthenshire,W15000004,Dyfed-Powys,2025-04-01,2026-03-31,689,190800,mid-2024,nearest 100,3.6111111111111112,2047,175,Published annual CSP total; monthly completeness not independently verified,CRIME-ONS-2026-CSP,https://www.ons.gov.uk/file?uri=/peoplepopulationandcommunity/crimeandjustice/datasets/policeforceareadatatables/yearendingmarch2026/pfatablesyemarch2026.xlsx,2026-09-05,Table C2!N81; Table C4!G81; Table C4!P81,27d7884ef0e07dad01e602e48a430871ea2db1f558dbaa496e1f1f22e06c307f
bangor,violence_against_person,W14000002,Gwynedd,W15000001,North Wales,2025-04-01,2026-03-31,3734,120800,mid-2024,nearest 100,30.907269913006051,23879,12,Published annual CSP total; monthly completeness not independently verified,CRIME-ONS-2026-CSP,https://www.ons.gov.uk/file?uri=/peoplepopulationandcommunity/crimeandjustice/datasets/policeforceareadatatables/yearendingmarch2026/pfatablesyemarch2026.xlsx,2026-09-05,Table C2!H266; Table C4!G266; Table C4!J266,27d7884ef0e07dad01e602e48a430871ea2db1f558dbaa496e1f1f22e06c307f
bangor,sexual_offences,W14000002,Gwynedd,W15000001,North Wales,2025-04-01,2026-03-31,448,120800,mid-2024,nearest 100,3.7082102091662321,2582,5,Published annual CSP total; monthly completeness not independently verified,CRIME-ONS-2026-CSP,https://www.ons.gov.uk/file?uri=/peoplepopulationandcommunity/crimeandjustice/datasets/policeforceareadatatables/yearendingmarch2026/pfatablesyemarch2026.xlsx,2026-09-05,Table C2!N266; Table C4!G266; Table C4!P266,27d7884ef0e07dad01e602e48a430871ea2db1f558dbaa496e1f1f22e06c307f
rhyl,violence_against_person,W14000004,Denbighshire,W15000001,North Wales,2025-04-01,2026-03-31,4391,98200,mid-2024,nearest 100,44.713956945887048,23879,12,Published annual CSP total; monthly completeness not independently verified,CRIME-ONS-2026-CSP,https://www.ons.gov.uk/file?uri=/peoplepopulationandcommunity/crimeandjustice/datasets/policeforceareadatatables/yearendingmarch2026/pfatablesyemarch2026.xlsx,2026-09-05,Table C2!H264; Table C4!G264; Table C4!J264,27d7884ef0e07dad01e602e48a430871ea2db1f558dbaa496e1f1f22e06c307f
rhyl,sexual_offences,W14000004,Denbighshire,W15000001,North Wales,2025-04-01,2026-03-31,437,98200,mid-2024,nearest 100,4.4500112014011934,2582,5,Published annual CSP total; monthly completeness not independently verified,CRIME-ONS-2026-CSP,https://www.ons.gov.uk/file?uri=/peoplepopulationandcommunity/crimeandjustice/datasets/policeforceareadatatables/yearendingmarch2026/pfatablesyemarch2026.xlsx,2026-09-05,Table C2!N264; Table C4!G264; Table C4!P264,27d7884ef0e07dad01e602e48a430871ea2db1f558dbaa496e1f1f22e06c307f
york,violence_against_person,E22000371,City of York,E23000009,North Yorkshire,2025-04-01,2026-03-31,5076,209300,mid-2024,nearest 100,24.252153596972782,17902,89,Published annual CSP total; monthly completeness not independently verified,CRIME-ONS-2026-CSP,https://www.ons.gov.uk/file?uri=/peoplepopulationandcommunity/crimeandjustice/datasets/policeforceareadatatables/yearendingmarch2026/pfatablesyemarch2026.xlsx,2026-09-05,Table C2!H271; Table C4!G271; Table C4!J271,27d7884ef0e07dad01e602e48a430871ea2db1f558dbaa496e1f1f22e06c307f
york,sexual_offences,E22000371,City of York,E23000009,North Yorkshire,2025-04-01,2026-03-31,629,209300,mid-2024,nearest 100,3.0052412554168395,2244,17,Published annual CSP total; monthly completeness not independently verified,CRIME-ONS-2026-CSP,https://www.ons.gov.uk/file?uri=/peoplepopulationandcommunity/crimeandjustice/datasets/policeforceareadatatables/yearendingmarch2026/pfatablesyemarch2026.xlsx,2026-09-05,Table C2!N271; Table C4!G271; Table C4!P271,27d7884ef0e07dad01e602e48a430871ea2db1f558dbaa496e1f1f22e06c307f
durham,violence_against_person,E22000365,County Durham,E23000008,Durham,2025-04-01,2026-03-31,18873,538000,mid-2024,nearest 100,35.079208417671758,22999,186,Published annual CSP total; monthly completeness not independently verified,CRIME-ONS-2026-CSP,https://www.ons.gov.uk/file?uri=/peoplepopulationandcommunity/crimeandjustice/datasets/policeforceareadatatables/yearendingmarch2026/pfatablesyemarch2026.xlsx,2026-09-05,Table C2!H77; Table C4!G77; Table C4!J77,27d7884ef0e07dad01e602e48a430871ea2db1f558dbaa496e1f1f22e06c307f
durham,sexual_offences,E22000365,County Durham,E23000008,Durham,2025-04-01,2026-03-31,2014,538000,mid-2024,nearest 100,3.7434178855079172,2536,66,Published annual CSP total; monthly completeness not independently verified,CRIME-ONS-2026-CSP,https://www.ons.gov.uk/file?uri=/peoplepopulationandcommunity/crimeandjustice/datasets/policeforceareadatatables/yearendingmarch2026/pfatablesyemarch2026.xlsx,2026-09-05,Table C2!N77; Table C4!G77; Table C4!P77,27d7884ef0e07dad01e602e48a430871ea2db1f558dbaa496e1f1f22e06c307f
