location_id,air_burden,no2_ug_m3,pm25_ug_m3,pm10_ug_m3,noise_exposed_pct,green_within_300m_pct,green_area_within_1000m_m2,epc_sap_mean,air_percentile,quiet_percentile,green_percentile,housing_environment_percentile,environment_index_0_100,national_percentile,score,air_period,quiet_period,green_period,housing_environment_period,air_evidence_id,quiet_evidence_id,green_evidence_id,housing_environment_evidence_id,geography_code,geography_vintage,air_population_covered,quiet_population_covered,green_population_covered,housing_environment_population_covered,population_expected,method_version,confidence,reason
bangor,0.6178,4.469,4.563,7.407,37.177,66.894,41731.55,65.622,98.142,38.748,24.443,50.713,53.011,58.616,3,2024 annual mean,2021 strategic noise model,OS Open Greenspace 2026-04,EPCs 2012-2024,ENV-AIR-DEFRA-2024,ENV-NOISE-IOD-WIMD-2025,ENV-GREEN-OS-OPEN-2026-04,ENV-EPC-IOD-WIMD-2025,W45000697,April 2024,16994,16994,16994,16994,16994,residential-environment-bua24-v2,Medium,"Population-weighted across the reviewed April 2024 built-up area; air uses OA population-weighted centroids, small-area indicators use exact-fit lookups, and green space uses current OA origins and the union of eligible OS Open Greenspace polygons."
barnsley,1.0578,9.524,7.220,11.654,34.505,80.991,301778.99,65.659,44.928,50.722,86.787,51.100,58.384,69.365,4,2024 annual mean,2021 strategic noise model,OS Open Greenspace 2026-04,EPCs 2012-2024,ENV-AIR-DEFRA-2024,ENV-NOISE-IOD-WIMD-2025,ENV-GREEN-OS-OPEN-2026-04,ENV-EPC-IOD-WIMD-2025,E63008268,April 2024,71394,71394,71394,71394,71394,residential-environment-bua24-v2,Medium,"Population-weighted across the reviewed April 2024 built-up area; air uses OA population-weighted centroids, small-area indicators use exact-fit lookups, and green space uses current OA origins and the union of eligible OS Open Greenspace polygons."
bath,0.8985,7.782,6.279,9.921,28.442,76.351,172606.05,64.267,74.955,79.697,57.334,26.684,59.668,72.888,4,2024 annual mean,2021 strategic noise model,OS Open Greenspace 2026-04,EPCs 2012-2024,ENV-AIR-DEFRA-2024,ENV-NOISE-IOD-WIMD-2025,ENV-GREEN-OS-OPEN-2026-04,ENV-EPC-IOD-WIMD-2025,E63012364,April 2024,94080,94080,94080,94080,94080,residential-environment-bua24-v2,Medium,"Population-weighted across the reviewed April 2024 built-up area; air uses OA population-weighted centroids, small-area indicators use exact-fit lookups, and green space uses current OA origins and the union of eligible OS Open Greenspace polygons."
birmingham,1.2895,14.575,7.890,12.493,38.139,65.533,264277.58,63.173,18.864,35.701,57.068,12.892,31.131,10.796,1,2024 annual mean,2021 strategic noise model,OS Open Greenspace 2026-04,EPCs 2012-2024,ENV-AIR-DEFRA-2024,ENV-NOISE-IOD-WIMD-2025,ENV-GREEN-OS-OPEN-2026-04,ENV-EPC-IOD-WIMD-2025,E63010038,April 2024,1119786,1119786,1119786,1119786,1119786,residential-environment-bua24-v2,Medium,"Population-weighted across the reviewed April 2024 built-up area; air uses OA population-weighted centroids, small-area indicators use exact-fit lookups, and green space uses current OA origins and the union of eligible OS Open Greenspace polygons."
blackburn,0.9160,8.363,6.308,9.753,35.677,55.800,174226.15,63.687,71.879,45.383,28.573,18.123,40.990,29.400,2,2024 annual mean,2021 strategic noise model,OS Open Greenspace 2026-04,EPCs 2012-2024,ENV-AIR-DEFRA-2024,ENV-NOISE-IOD-WIMD-2025,ENV-GREEN-OS-OPEN-2026-04,ENV-EPC-IOD-WIMD-2025,E63007969,April 2024,124958,124958,124958,124958,124958,residential-environment-bua24-v2,Medium,"Population-weighted across the reviewed April 2024 built-up area; air uses OA population-weighted centroids, small-area indicators use exact-fit lookups, and green space uses current OA origins and the union of eligible OS Open Greenspace polygons."
blackpool,0.7489,6.276,5.386,8.128,30.803,59.307,144534.93,61.939,91.048,68.626,26.722,6.699,48.274,48.132,3,2024 annual mean,2021 strategic noise model,OS Open Greenspace 2026-04,EPCs 2012-2024,ENV-AIR-DEFRA-2024,ENV-NOISE-IOD-WIMD-2025,ENV-GREEN-OS-OPEN-2026-04,ENV-EPC-IOD-WIMD-2025,E63007890,April 2024,149087,149087,149087,149087,149087,residential-environment-bua24-v2,Medium,"Population-weighted across the reviewed April 2024 built-up area; air uses OA population-weighted centroids, small-area indicators use exact-fit lookups, and green space uses current OA origins and the union of eligible OS Open Greenspace polygons."
bolton,1.0831,11.504,6.882,10.835,37.599,73.558,230517.01,64.642,40.599,37.361,62.840,30.614,42.854,33.912,2,2024 annual mean,2021 strategic noise model,OS Open Greenspace 2026-04,EPCs 2012-2024,ENV-AIR-DEFRA-2024,ENV-NOISE-IOD-WIMD-2025,ENV-GREEN-OS-OPEN-2026-04,ENV-EPC-IOD-WIMD-2025,E63008201,April 2024,184618,184618,184618,184618,184618,residential-environment-bua24-v2,Medium,"Population-weighted across the reviewed April 2024 built-up area; air uses OA population-weighted centroids, small-area indicators use exact-fit lookups, and green space uses current OA origins and the union of eligible OS Open Greenspace polygons."
bournemouth-poole,0.8823,8.550,5.950,9.029,27.928,64.539,191735.21,65.805,77.207,80.801,40.517,54.590,63.279,81.013,5,2024 annual mean,2021 strategic noise model,OS Open Greenspace 2026-04,EPCs 2012-2024,ENV-AIR-DEFRA-2024,ENV-NOISE-IOD-WIMD-2025,ENV-GREEN-OS-OPEN-2026-04,ENV-EPC-IOD-WIMD-2025,E63013847;E63013860,April 2024,337141,337141,337141,337141,337141,residential-environment-bua24-v2,Medium,"Population-weighted across the reviewed April 2024 built-up area; air uses OA population-weighted centroids, small-area indicators use exact-fit lookups, and green space uses current OA origins and the union of eligible OS Open Greenspace polygons."
bradford,1.1775,13.017,7.378,11.328,33.365,77.237,187716.40,61.340,27.535,57.216,62.205,4.927,37.971,21.510,2,2024 annual mean,2021 strategic noise model,OS Open Greenspace 2026-04,EPCs 2012-2024,ENV-AIR-DEFRA-2024,ENV-NOISE-IOD-WIMD-2025,ENV-GREEN-OS-OPEN-2026-04,ENV-EPC-IOD-WIMD-2025,E63007920,April 2024,333968,333968,333968,333968,333968,residential-environment-bua24-v2,Medium,"Population-weighted across the reviewed April 2024 built-up area; air uses OA population-weighted centroids, small-area indicators use exact-fit lookups, and green space uses current OA origins and the union of eligible OS Open Greenspace polygons."
bridgend,0.7626,7.138,5.045,8.477,24.053,60.352,66269.04,68.573,89.762,91.480,17.794,91.324,72.590,92.168,5,2024 annual mean,2021 strategic noise model,OS Open Greenspace 2026-04,EPCs 2012-2024,ENV-AIR-DEFRA-2024,ENV-NOISE-IOD-WIMD-2025,ENV-GREEN-OS-OPEN-2026-04,ENV-EPC-IOD-WIMD-2025,W45001212,April 2024,51751,51751,51751,51751,51751,residential-environment-bua24-v2,Medium,"Population-weighted across the reviewed April 2024 built-up area; air uses OA population-weighted centroids, small-area indicators use exact-fit lookups, and green space uses current OA origins and the union of eligible OS Open Greenspace polygons."
brighton-hove,0.9797,9.140,6.706,10.260,33.767,61.330,145039.21,65.432,61.027,54.525,29.405,46.336,47.823,46.706,3,2024 annual mean,2021 strategic noise model,OS Open Greenspace 2026-04,EPCs 2012-2024,ENV-AIR-DEFRA-2024,ENV-NOISE-IOD-WIMD-2025,ENV-GREEN-OS-OPEN-2026-04,ENV-EPC-IOD-WIMD-2025,E63013666,April 2024,277096,277096,277096,277096,277096,residential-environment-bua24-v2,Medium,"Population-weighted across the reviewed April 2024 built-up area; air uses OA population-weighted centroids, small-area indicators use exact-fit lookups, and green space uses current OA origins and the union of eligible OS Open Greenspace polygons."
bristol,1.0489,11.357,6.572,10.448,28.616,77.034,301013.14,65.431,48.381,79.017,82.572,45.844,63.953,82.436,5,2024 annual mean,2021 strategic noise model,OS Open Greenspace 2026-04,EPCs 2012-2024,ENV-AIR-DEFRA-2024,ENV-NOISE-IOD-WIMD-2025,ENV-GREEN-OS-OPEN-2026-04,ENV-EPC-IOD-WIMD-2025,E63012168,April 2024,425196,425196,425196,425196,425196,residential-environment-bua24-v2,Medium,"Population-weighted across the reviewed April 2024 built-up area; air uses OA population-weighted centroids, small-area indicators use exact-fit lookups, and green space uses current OA origins and the union of eligible OS Open Greenspace polygons."
burnley,0.9059,8.178,6.308,9.576,50.552,82.758,281881.99,62.370,73.605,10.308,85.662,8.007,44.395,37.616,2,2024 annual mean,2021 strategic noise model,OS Open Greenspace 2026-04,EPCs 2012-2024,ENV-AIR-DEFRA-2024,ENV-NOISE-IOD-WIMD-2025,ENV-GREEN-OS-OPEN-2026-04,ENV-EPC-IOD-WIMD-2025,E63007907,April 2024,78266,78266,78266,78266,78266,residential-environment-bua24-v2,Medium,"Population-weighted across the reviewed April 2024 built-up area; air uses OA population-weighted centroids, small-area indicators use exact-fit lookups, and green space uses current OA origins and the union of eligible OS Open Greenspace polygons."
burton-on-trent,1.0008,8.795,6.828,11.358,38.968,63.282,113405.26,65.119,57.745,31.160,27.063,38.596,38.641,23.438,2,2024 annual mean,2021 strategic noise model,OS Open Greenspace 2026-04,EPCs 2012-2024,ENV-AIR-DEFRA-2024,ENV-NOISE-IOD-WIMD-2025,ENV-GREEN-OS-OPEN-2026-04,ENV-EPC-IOD-WIMD-2025,E63009360,April 2024,76031,76031,76031,76031,76031,residential-environment-bua24-v2,Medium,"Population-weighted across the reviewed April 2024 built-up area; air uses OA population-weighted centroids, small-area indicators use exact-fit lookups, and green space uses current OA origins and the union of eligible OS Open Greenspace polygons."
cambridge,1.0570,8.679,7.389,12.379,31.617,67.990,234962.65,68.880,45.297,65.478,53.155,93.361,64.322,83.007,5,2024 annual mean,2021 strategic noise model,OS Open Greenspace 2026-04,EPCs 2012-2024,ENV-AIR-DEFRA-2024,ENV-NOISE-IOD-WIMD-2025,ENV-GREEN-OS-OPEN-2026-04,ENV-EPC-IOD-WIMD-2025,E63010556,April 2024,152742,152742,152742,152742,152742,residential-environment-bua24-v2,Medium,"Population-weighted across the reviewed April 2024 built-up area; air uses OA population-weighted centroids, small-area indicators use exact-fit lookups, and green space uses current OA origins and the union of eligible OS Open Greenspace polygons."
cardiff,1.0191,12.235,5.933,9.709,35.420,75.119,250527.60,66.559,55.224,46.912,70.968,69.490,60.648,75.827,4,2024 annual mean,2021 strategic noise model,OS Open Greenspace 2026-04,EPCs 2012-2024,ENV-AIR-DEFRA-2024,ENV-NOISE-IOD-WIMD-2025,ENV-GREEN-OS-OPEN-2026-04,ENV-EPC-IOD-WIMD-2025,W45001208,April 2024,347880,347880,347880,347880,347880,residential-environment-bua24-v2,Medium,"Population-weighted across the reviewed April 2024 built-up area; air uses OA population-weighted centroids, small-area indicators use exact-fit lookups, and green space uses current OA origins and the union of eligible OS Open Greenspace polygons."
cheltenham,0.9226,7.912,6.478,10.215,26.269,72.367,159723.92,65.953,70.542,86.394,49.500,57.592,66.007,85.454,5,2024 annual mean,2021 strategic noise model,OS Open Greenspace 2026-04,EPCs 2012-2024,ENV-AIR-DEFRA-2024,ENV-NOISE-IOD-WIMD-2025,ENV-GREEN-OS-OPEN-2026-04,ENV-EPC-IOD-WIMD-2025,E63011286,April 2024,115941,115941,115941,115941,115941,residential-environment-bua24-v2,Medium,"Population-weighted across the reviewed April 2024 built-up area; air uses OA population-weighted centroids, small-area indicators use exact-fit lookups, and green space uses current OA origins and the union of eligible OS Open Greenspace polygons."
chester,0.8986,8.292,6.070,9.789,39.117,74.245,120403.47,66.619,74.683,30.869,47.629,70.695,55.969,65.032,4,2024 annual mean,2021 strategic noise model,OS Open Greenspace 2026-04,EPCs 2012-2024,ENV-AIR-DEFRA-2024,ENV-NOISE-IOD-WIMD-2025,ENV-GREEN-OS-OPEN-2026-04,ENV-EPC-IOD-WIMD-2025,K08000011,April 2024,92756,92756,92756,92756,92756,residential-environment-bua24-v2,Medium,"Population-weighted across the reviewed April 2024 built-up area; air uses OA population-weighted centroids, small-area indicators use exact-fit lookups, and green space uses current OA origins and the union of eligible OS Open Greenspace polygons."
chesterfield,1.0052,8.570,7.085,11.125,34.765,71.194,199234.88,64.915,56.851,49.629,52.254,35.808,48.635,49.314,3,2024 annual mean,2021 strategic noise model,OS Open Greenspace 2026-04,EPCs 2012-2024,ENV-AIR-DEFRA-2024,ENV-NOISE-IOD-WIMD-2025,ENV-GREEN-OS-OPEN-2026-04,ENV-EPC-IOD-WIMD-2025,E63008717,April 2024,76394,76394,76394,76394,76394,residential-environment-bua24-v2,Medium,"Population-weighted across the reviewed April 2024 built-up area; air uses OA population-weighted centroids, small-area indicators use exact-fit lookups, and green space uses current OA origins and the union of eligible OS Open Greenspace polygons."
colchester,1.0560,9.294,7.202,11.971,35.906,72.185,273261.35,68.614,45.570,44.266,70.256,91.606,62.925,80.675,5,2024 annual mean,2021 strategic noise model,OS Open Greenspace 2026-04,EPCs 2012-2024,ENV-AIR-DEFRA-2024,ENV-NOISE-IOD-WIMD-2025,ENV-GREEN-OS-OPEN-2026-04,ENV-EPC-IOD-WIMD-2025,E63011220,April 2024,130396,130396,130396,130396,130396,residential-environment-bua24-v2,Medium,"Population-weighted across the reviewed April 2024 built-up area; air uses OA population-weighted centroids, small-area indicators use exact-fit lookups, and green space uses current OA origins and the union of eligible OS Open Greenspace polygons."
coventry,1.1410,11.190,7.511,12.026,35.177,69.401,216870.69,65.168,31.109,48.133,52.831,40.491,43.141,35.136,2,2024 annual mean,2021 strategic noise model,OS Open Greenspace 2026-04,EPCs 2012-2024,ENV-AIR-DEFRA-2024,ENV-NOISE-IOD-WIMD-2025,ENV-GREEN-OS-OPEN-2026-04,ENV-EPC-IOD-WIMD-2025,E63010120,April 2024,343623,343623,343623,343623,343623,residential-environment-bua24-v2,Medium,"Population-weighted across the reviewed April 2024 built-up area; air uses OA population-weighted centroids, small-area indicators use exact-fit lookups, and green space uses current OA origins and the union of eligible OS Open Greenspace polygons."
darlington,0.8109,7.112,5.520,9.262,34.353,75.104,199669.16,64.140,85.754,51.398,61.007,25.132,55.823,64.750,4,2024 annual mean,2021 strategic noise model,OS Open Greenspace 2026-04,EPCs 2012-2024,ENV-AIR-DEFRA-2024,ENV-NOISE-IOD-WIMD-2025,ENV-GREEN-OS-OPEN-2026-04,ENV-EPC-IOD-WIMD-2025,E63007428,April 2024,93058,93058,93058,93058,93058,residential-environment-bua24-v2,Medium,"Population-weighted across the reviewed April 2024 built-up area; air uses OA population-weighted centroids, small-area indicators use exact-fit lookups, and green space uses current OA origins and the union of eligible OS Open Greenspace polygons."
derby,1.1443,11.520,7.386,12.057,27.182,69.105,200133.12,64.655,30.424,84.046,49.712,31.212,48.848,50.787,3,2024 annual mean,2021 strategic noise model,OS Open Greenspace 2026-04,EPCs 2012-2024,ENV-AIR-DEFRA-2024,ENV-NOISE-IOD-WIMD-2025,ENV-GREEN-OS-OPEN-2026-04,ENV-EPC-IOD-WIMD-2025,E63009183,April 2024,275561,275561,275561,275561,275561,residential-environment-bua24-v2,Medium,"Population-weighted across the reviewed April 2024 built-up area; air uses OA population-weighted centroids, small-area indicators use exact-fit lookups, and green space uses current OA origins and the union of eligible OS Open Greenspace polygons."
doncaster,1.1602,10.791,7.614,13.180,34.115,58.548,110515.75,64.695,28.995,51.893,21.074,31.834,33.449,13.812,1,2024 annual mean,2021 strategic noise model,OS Open Greenspace 2026-04,EPCs 2012-2024,ENV-AIR-DEFRA-2024,ENV-NOISE-IOD-WIMD-2025,ENV-GREEN-OS-OPEN-2026-04,ENV-EPC-IOD-WIMD-2025,E63008314,April 2024,87094,87094,87094,87094,87094,residential-environment-bua24-v2,Medium,"Population-weighted across the reviewed April 2024 built-up area; air uses OA population-weighted centroids, small-area indicators use exact-fit lookups, and green space uses current OA origins and the union of eligible OS Open Greenspace polygons."
durham,0.8215,7.461,5.478,9.341,39.402,53.536,65075.18,68.107,84.541,29.932,12.706,87.500,53.670,60.383,4,2024 annual mean,2021 strategic noise model,OS Open Greenspace 2026-04,EPCs 2012-2024,ENV-AIR-DEFRA-2024,ENV-NOISE-IOD-WIMD-2025,ENV-GREEN-OS-OPEN-2026-04,ENV-EPC-IOD-WIMD-2025,E63007282,April 2024,50502,50502,50502,50502,50502,residential-environment-bua24-v2,Medium,"Population-weighted across the reviewed April 2024 built-up area; air uses OA population-weighted centroids, small-area indicators use exact-fit lookups, and green space uses current OA origins and the union of eligible OS Open Greenspace polygons."
exeter,0.7838,6.161,5.519,9.474,25.823,70.068,180754.43,67.431,88.002,87.348,47.631,81.064,76.011,95.801,5,2024 annual mean,2021 strategic noise model,OS Open Greenspace 2026-04,EPCs 2012-2024,ENV-AIR-DEFRA-2024,ENV-NOISE-IOD-WIMD-2025,ENV-GREEN-OS-OPEN-2026-04,ENV-EPC-IOD-WIMD-2025,E63013856,April 2024,126522,126522,126522,126522,126522,residential-environment-bua24-v2,Medium,"Population-weighted across the reviewed April 2024 built-up area; air uses OA population-weighted centroids, small-area indicators use exact-fit lookups, and green space uses current OA origins and the union of eligible OS Open Greenspace polygons."
gateshead,1.0332,11.812,6.246,10.040,44.262,85.999,294016.03,65.953,52.603,18.563,89.264,57.798,54.557,61.675,4,2024 annual mean,2021 strategic noise model,OS Open Greenspace 2026-04,EPCs 2012-2024,ENV-AIR-DEFRA-2024,ENV-NOISE-IOD-WIMD-2025,ENV-GREEN-OS-OPEN-2026-04,ENV-EPC-IOD-WIMD-2025,E63007200,April 2024,114825,114825,114825,114825,114825,residential-environment-bua24-v2,Medium,"Population-weighted across the reviewed April 2024 built-up area; air uses OA population-weighted centroids, small-area indicators use exact-fit lookups, and green space uses current OA origins and the union of eligible OS Open Greenspace polygons."
gloucester,0.9619,8.668,6.587,10.521,24.503,82.689,239095.83,65.666,63.889,90.143,75.918,51.359,70.327,90.265,5,2024 annual mean,2021 strategic noise model,OS Open Greenspace 2026-04,EPCs 2012-2024,ENV-AIR-DEFRA-2024,ENV-NOISE-IOD-WIMD-2025,ENV-GREEN-OS-OPEN-2026-04,ENV-EPC-IOD-WIMD-2025,E63011389,April 2024,118562,118562,118562,118562,118562,residential-environment-bua24-v2,Medium,"Population-weighted across the reviewed April 2024 built-up area; air uses OA population-weighted centroids, small-area indicators use exact-fit lookups, and green space uses current OA origins and the union of eligible OS Open Greenspace polygons."
halifax,0.9534,8.743,6.585,10.032,38.780,65.409,162092.24,61.502,65.111,31.855,36.726,5.333,34.756,15.800,1,2024 annual mean,2021 strategic noise model,OS Open Greenspace 2026-04,EPCs 2012-2024,ENV-AIR-DEFRA-2024,ENV-NOISE-IOD-WIMD-2025,ENV-GREEN-OS-OPEN-2026-04,ENV-EPC-IOD-WIMD-2025,E63007966,April 2024,89394,89394,89394,89394,89394,residential-environment-bua24-v2,Medium,"Population-weighted across the reviewed April 2024 built-up area; air uses OA population-weighted centroids, small-area indicators use exact-fit lookups, and green space uses current OA origins and the union of eligible OS Open Greenspace polygons."
hartlepool,0.8124,7.224,5.467,9.318,29.213,60.604,143714.33,65.816,85.509,76.981,28.286,54.748,61.381,77.636,4,2024 annual mean,2021 strategic noise model,OS Open Greenspace 2026-04,EPCs 2012-2024,ENV-AIR-DEFRA-2024,ENV-NOISE-IOD-WIMD-2025,ENV-GREEN-OS-OPEN-2026-04,ENV-EPC-IOD-WIMD-2025,E63007337,April 2024,88001,88001,88001,88001,88001,residential-environment-bua24-v2,Medium,"Population-weighted across the reviewed April 2024 built-up area; air uses OA population-weighted centroids, small-area indicators use exact-fit lookups, and green space uses current OA origins and the union of eligible OS Open Greenspace polygons."
huddersfield,1.0649,10.784,6.989,10.780,36.294,82.219,121814.53,63.505,43.686,41.710,56.705,15.538,39.410,26.304,2,2024 annual mean,2021 strategic noise model,OS Open Greenspace 2026-04,EPCs 2012-2024,ENV-AIR-DEFRA-2024,ENV-NOISE-IOD-WIMD-2025,ENV-GREEN-OS-OPEN-2026-04,ENV-EPC-IOD-WIMD-2025,E63008114,April 2024,140930,140930,140930,140930,140930,residential-environment-bua24-v2,Medium,"Population-weighted across the reviewed April 2024 built-up area; air uses OA population-weighted centroids, small-area indicators use exact-fit lookups, and green space uses current OA origins and the union of eligible OS Open Greenspace polygons."
hull-kingston-upon-hull,1.1035,9.941,7.435,12.444,20.798,68.489,200784.50,65.782,35.787,96.839,49.084,54.431,59.035,71.404,4,2024 annual mean,2021 strategic noise model,OS Open Greenspace 2026-04,EPCs 2012-2024,ENV-AIR-DEFRA-2024,ENV-NOISE-IOD-WIMD-2025,ENV-GREEN-OS-OPEN-2026-04,ENV-EPC-IOD-WIMD-2025,E63007930,April 2024,270816,270816,270816,270816,270816,residential-environment-bua24-v2,Medium,"Population-weighted across the reviewed April 2024 built-up area; air uses OA population-weighted centroids, small-area indicators use exact-fit lookups, and green space uses current OA origins and the union of eligible OS Open Greenspace polygons."
ipswich,1.0902,9.826,7.388,12.156,36.165,63.248,218875.45,65.718,39.189,43.315,43.197,52.447,44.537,38.252,2,2024 annual mean,2021 strategic noise model,OS Open Greenspace 2026-04,EPCs 2012-2024,ENV-AIR-DEFRA-2024,ENV-NOISE-IOD-WIMD-2025,ENV-GREEN-OS-OPEN-2026-04,ENV-EPC-IOD-WIMD-2025,E63010852,April 2024,151566,151566,151566,151566,151566,residential-environment-bua24-v2,Medium,"Population-weighted across the reviewed April 2024 built-up area; air uses OA population-weighted centroids, small-area indicators use exact-fit lookups, and green space uses current OA origins and the union of eligible OS Open Greenspace polygons."
kettering,1.1011,9.814,7.433,12.531,29.821,73.483,206343.65,65.453,37.040,73.801,59.293,46.836,54.243,61.043,4,2024 annual mean,2021 strategic noise model,OS Open Greenspace 2026-04,EPCs 2012-2024,ENV-AIR-DEFRA-2024,ENV-NOISE-IOD-WIMD-2025,ENV-GREEN-OS-OPEN-2026-04,ENV-EPC-IOD-WIMD-2025,E63010129,April 2024,63149,63149,63149,63149,63149,residential-environment-bua24-v2,Medium,"Population-weighted across the reviewed April 2024 built-up area; air uses OA population-weighted centroids, small-area indicators use exact-fit lookups, and green space uses current OA origins and the union of eligible OS Open Greenspace polygons."
lancaster,0.7824,6.910,5.401,8.639,43.597,87.418,260702.78,65.111,88.244,19.448,82.369,37.863,56.981,66.887,4,2024 annual mean,2021 strategic noise model,OS Open Greenspace 2026-04,EPCs 2012-2024,ENV-AIR-DEFRA-2024,ENV-NOISE-IOD-WIMD-2025,ENV-GREEN-OS-OPEN-2026-04,ENV-EPC-IOD-WIMD-2025,E63007656,April 2024,52646,52646,52646,52646,52646,residential-environment-bua24-v2,Medium,"Population-weighted across the reviewed April 2024 built-up area; air uses OA population-weighted centroids, small-area indicators use exact-fit lookups, and green space uses current OA origins and the union of eligible OS Open Greenspace polygons."
leeds,1.2185,13.658,7.490,11.878,36.276,71.614,241309.52,64.841,24.404,42.784,61.995,34.531,40.929,29.162,2,2024 annual mean,2021 strategic noise model,OS Open Greenspace 2026-04,EPCs 2012-2024,ENV-AIR-DEFRA-2024,ENV-NOISE-IOD-WIMD-2025,ENV-GREEN-OS-OPEN-2026-04,ENV-EPC-IOD-WIMD-2025,E63007883,April 2024,536262,536262,536262,536262,536262,residential-environment-bua24-v2,Medium,"Population-weighted across the reviewed April 2024 built-up area; air uses OA population-weighted centroids, small-area indicators use exact-fit lookups, and green space uses current OA origins and the union of eligible OS Open Greenspace polygons."
leicester,1.2706,13.877,7.877,12.728,27.838,73.947,270555.78,64.025,20.435,81.700,73.569,22.530,49.558,52.751,3,2024 annual mean,2021 strategic noise model,OS Open Greenspace 2026-04,EPCs 2012-2024,ENV-AIR-DEFRA-2024,ENV-NOISE-IOD-WIMD-2025,ENV-GREEN-OS-OPEN-2026-04,ENV-EPC-IOD-WIMD-2025,E63009743,April 2024,406331,406331,406331,406331,406331,residential-environment-bua24-v2,Medium,"Population-weighted across the reviewed April 2024 built-up area; air uses OA population-weighted centroids, small-area indicators use exact-fit lookups, and green space uses current OA origins and the union of eligible OS Open Greenspace polygons."
lincoln,1.0915,8.181,7.773,13.529,29.805,56.737,200673.57,66.864,38.746,73.987,34.392,73.806,55.233,62.822,4,2024 annual mean,2021 strategic noise model,OS Open Greenspace 2026-04,EPCs 2012-2024,ENV-AIR-DEFRA-2024,ENV-NOISE-IOD-WIMD-2025,ENV-GREEN-OS-OPEN-2026-04,ENV-EPC-IOD-WIMD-2025,E63008729,April 2024,104553,104553,104553,104553,104553,residential-environment-bua24-v2,Medium,"Population-weighted across the reviewed April 2024 built-up area; air uses OA population-weighted centroids, small-area indicators use exact-fit lookups, and green space uses current OA origins and the union of eligible OS Open Greenspace polygons."
liverpool,1.0990,12.571,6.692,10.521,34.008,72.865,286005.96,65.858,38.033,52.958,73.902,56.125,55.255,63.762,4,2024 annual mean,2021 strategic noise model,OS Open Greenspace 2026-04,EPCs 2012-2024,ENV-AIR-DEFRA-2024,ENV-NOISE-IOD-WIMD-2025,ENV-GREEN-OS-OPEN-2026-04,ENV-EPC-IOD-WIMD-2025,E63008477,April 2024,506768,506768,506768,506768,506768,residential-environment-bua24-v2,Medium,"Population-weighted across the reviewed April 2024 built-up area; air uses OA population-weighted centroids, small-area indicators use exact-fit lookups, and green space uses current OA origins and the union of eligible OS Open Greenspace polygons."
llanelli,0.6374,5.592,4.467,6.896,39.983,71.013,172729.01,63.510,97.483,29.108,47.306,15.639,47.384,44.537,3,2024 annual mean,2021 strategic noise model,OS Open Greenspace 2026-04,EPCs 2012-2024,ENV-AIR-DEFRA-2024,ENV-NOISE-IOD-WIMD-2025,ENV-GREEN-OS-OPEN-2026-04,ENV-EPC-IOD-WIMD-2025,W45001070,April 2024,42143,42143,42143,42143,42143,residential-environment-bua24-v2,Medium,"Population-weighted across the reviewed April 2024 built-up area; air uses OA population-weighted centroids, small-area indicators use exact-fit lookups, and green space uses current OA origins and the union of eligible OS Open Greenspace polygons."
loughborough,1.0602,9.721,7.099,11.832,29.560,61.816,110576.34,66.437,44.457,75.207,24.743,66.368,52.694,57.734,3,2024 annual mean,2021 strategic noise model,OS Open Greenspace 2026-04,EPCs 2012-2024,ENV-AIR-DEFRA-2024,ENV-NOISE-IOD-WIMD-2025,ENV-GREEN-OS-OPEN-2026-04,ENV-EPC-IOD-WIMD-2025,E63009412,April 2024,64299,64299,64299,64299,64299,residential-environment-bua24-v2,Medium,"Population-weighted across the reviewed April 2024 built-up area; air uses OA population-weighted centroids, small-area indicators use exact-fit lookups, and green space uses current OA origins and the union of eligible OS Open Greenspace polygons."
luton,1.1753,11.761,7.558,12.575,40.963,63.274,239386.32,64.462,28.082,27.025,47.328,28.478,32.728,13.340,1,2024 annual mean,2021 strategic noise model,OS Open Greenspace 2026-04,EPCs 2012-2024,ENV-AIR-DEFRA-2024,ENV-NOISE-IOD-WIMD-2025,ENV-GREEN-OS-OPEN-2026-04,ENV-EPC-IOD-WIMD-2025,E63011256,April 2024,233524,233524,233524,233524,233524,residential-environment-bua24-v2,Medium,"Population-weighted across the reviewed April 2024 built-up area; air uses OA population-weighted centroids, small-area indicators use exact-fit lookups, and green space uses current OA origins and the union of eligible OS Open Greenspace polygons."
manchester,1.3054,15.598,7.752,12.091,41.841,70.407,235160.38,67.486,15.800,23.387,57.734,82.035,44.739,39.402,2,2024 annual mean,2021 strategic noise model,OS Open Greenspace 2026-04,EPCs 2012-2024,ENV-AIR-DEFRA-2024,ENV-NOISE-IOD-WIMD-2025,ENV-GREEN-OS-OPEN-2026-04,ENV-EPC-IOD-WIMD-2025,E63008401,April 2024,470736,470736,470736,470736,470736,residential-environment-bua24-v2,Medium,"Population-weighted across the reviewed April 2024 built-up area; air uses OA population-weighted centroids, small-area indicators use exact-fit lookups, and green space uses current OA origins and the union of eligible OS Open Greenspace polygons."
merthyr-tydfil,0.6850,5.211,5.027,7.930,36.136,72.301,228797.43,65.543,95.286,43.558,59.879,48.908,61.908,78.789,4,2024 annual mean,2021 strategic noise model,OS Open Greenspace 2026-04,EPCs 2012-2024,ENV-AIR-DEFRA-2024,ENV-NOISE-IOD-WIMD-2025,ENV-GREEN-OS-OPEN-2026-04,ENV-EPC-IOD-WIMD-2025,W45001012,April 2024,40817,40817,40817,40817,40817,residential-environment-bua24-v2,Medium,"Population-weighted across the reviewed April 2024 built-up area; air uses OA population-weighted centroids, small-area indicators use exact-fit lookups, and green space uses current OA origins and the union of eligible OS Open Greenspace polygons."
middlesbrough,0.9585,10.284,5.933,9.907,31.952,72.325,237014.49,65.370,64.339,63.202,62.442,44.010,58.498,69.810,4,2024 annual mean,2021 strategic noise model,OS Open Greenspace 2026-04,EPCs 2012-2024,ENV-AIR-DEFRA-2024,ENV-NOISE-IOD-WIMD-2025,ENV-GREEN-OS-OPEN-2026-04,ENV-EPC-IOD-WIMD-2025,E63007408,April 2024,147862,147862,147862,147862,147862,residential-environment-bua24-v2,Medium,"Population-weighted across the reviewed April 2024 built-up area; air uses OA population-weighted centroids, small-area indicators use exact-fit lookups, and green space uses current OA origins and the union of eligible OS Open Greenspace polygons."
milton-keynes,1.0634,9.069,7.294,12.367,26.745,95.778,477511.84,70.547,44.147,85.421,98.414,98.025,81.501,98.796,5,2024 annual mean,2021 strategic noise model,OS Open Greenspace 2026-04,EPCs 2012-2024,ENV-AIR-DEFRA-2024,ENV-NOISE-IOD-WIMD-2025,ENV-GREEN-OS-OPEN-2026-04,ENV-EPC-IOD-WIMD-2025,E63010901,April 2024,194584,194584,194584,194584,194584,residential-environment-bua24-v2,Medium,"Population-weighted across the reviewed April 2024 built-up area; air uses OA population-weighted centroids, small-area indicators use exact-fit lookups, and green space uses current OA origins and the union of eligible OS Open Greenspace polygons."
neath,0.7219,6.630,4.900,7.839,38.965,68.877,118041.79,65.032,93.277,31.233,36.317,37.289,49.529,52.019,3,2024 annual mean,2021 strategic noise model,OS Open Greenspace 2026-04,EPCs 2012-2024,ENV-AIR-DEFRA-2024,ENV-NOISE-IOD-WIMD-2025,ENV-GREEN-OS-OPEN-2026-04,ENV-EPC-IOD-WIMD-2025,W45001091,April 2024,40738,40738,40738,40738,40738,residential-environment-bua24-v2,Medium,"Population-weighted across the reviewed April 2024 built-up area; air uses OA population-weighted centroids, small-area indicators use exact-fit lookups, and green space uses current OA origins and the union of eligible OS Open Greenspace polygons."
newcastle-upon-tyne,1.0482,12.317,6.251,9.941,41.426,77.609,315273.91,66.982,49.249,25.533,84.878,75.751,58.853,70.807,4,2024 annual mean,2021 strategic noise model,OS Open Greenspace 2026-04,EPCs 2012-2024,ENV-AIR-DEFRA-2024,ENV-NOISE-IOD-WIMD-2025,ENV-GREEN-OS-OPEN-2026-04,ENV-EPC-IOD-WIMD-2025,E63007169,April 2024,285852,285852,285852,285852,285852,residential-environment-bua24-v2,Medium,"Population-weighted across the reviewed April 2024 built-up area; air uses OA population-weighted centroids, small-area indicators use exact-fit lookups, and green space uses current OA origins and the union of eligible OS Open Greenspace polygons."
newport,0.9785,10.523,6.037,10.138,38.798,73.031,213199.69,67.117,61.330,31.696,59.421,77.551,57.499,68.116,4,2024 annual mean,2021 strategic noise model,OS Open Greenspace 2026-04,EPCs 2012-2024,ENV-AIR-DEFRA-2024,ENV-NOISE-IOD-WIMD-2025,ENV-GREEN-OS-OPEN-2026-04,ENV-EPC-IOD-WIMD-2025,W45001174,April 2024,130882,130882,130882,130882,130882,residential-environment-bua24-v2,Medium,"Population-weighted across the reviewed April 2024 built-up area; air uses OA population-weighted centroids, small-area indicators use exact-fit lookups, and green space uses current OA origins and the union of eligible OS Open Greenspace polygons."
northampton,1.1355,10.175,7.542,13.210,29.894,71.791,264163.40,67.264,31.840,73.287,66.267,79.473,62.717,80.193,5,2024 annual mean,2021 strategic noise model,OS Open Greenspace 2026-04,EPCs 2012-2024,ENV-AIR-DEFRA-2024,ENV-NOISE-IOD-WIMD-2025,ENV-GREEN-OS-OPEN-2026-04,ENV-EPC-IOD-WIMD-2025,E63010463,April 2024,243883,243883,243883,243883,243883,residential-environment-bua24-v2,Medium,"Population-weighted across the reviewed April 2024 built-up area; air uses OA population-weighted centroids, small-area indicators use exact-fit lookups, and green space uses current OA origins and the union of eligible OS Open Greenspace polygons."
norwich,1.0674,9.142,7.428,12.035,28.040,60.468,157134.19,66.536,43.259,80.595,29.986,68.295,55.534,64.375,4,2024 annual mean,2021 strategic noise model,OS Open Greenspace 2026-04,EPCs 2012-2024,ENV-AIR-DEFRA-2024,ENV-NOISE-IOD-WIMD-2025,ENV-GREEN-OS-OPEN-2026-04,ENV-EPC-IOD-WIMD-2025,E63009624,April 2024,200492,200492,200492,200492,200492,residential-environment-bua24-v2,Medium,"Population-weighted across the reviewed April 2024 built-up area; air uses OA population-weighted centroids, small-area indicators use exact-fit lookups, and green space uses current OA origins and the union of eligible OS Open Greenspace polygons."
nottingham,1.2561,13.912,7.717,12.506,33.060,72.330,230761.96,65.532,21.855,58.720,61.074,48.569,47.554,45.794,3,2024 annual mean,2021 strategic noise model,OS Open Greenspace 2026-04,EPCs 2012-2024,ENV-AIR-DEFRA-2024,ENV-NOISE-IOD-WIMD-2025,ENV-GREEN-OS-OPEN-2026-04,ENV-EPC-IOD-WIMD-2025,E63009088,April 2024,299786,299786,299786,299786,299786,residential-environment-bua24-v2,Medium,"Population-weighted across the reviewed April 2024 built-up area; air uses OA population-weighted centroids, small-area indicators use exact-fit lookups, and green space uses current OA origins and the union of eligible OS Open Greenspace polygons."
oxford,1.0536,9.848,7.055,11.477,33.741,75.027,220587.16,66.983,46.148,54.863,64.535,76.053,60.400,74.659,4,2024 annual mean,2021 strategic noise model,OS Open Greenspace 2026-04,EPCs 2012-2024,ENV-AIR-DEFRA-2024,ENV-NOISE-IOD-WIMD-2025,ENV-GREEN-OS-OPEN-2026-04,ENV-EPC-IOD-WIMD-2025,E63011595,April 2024,169612,169612,169612,169612,169612,residential-environment-bua24-v2,Medium,"Population-weighted across the reviewed April 2024 built-up area; air uses OA population-weighted centroids, small-area indicators use exact-fit lookups, and green space uses current OA origins and the union of eligible OS Open Greenspace polygons."
peterborough,1.0864,9.414,7.402,12.562,33.792,87.119,263435.15,68.532,40.128,53.876,83.164,90.565,66.933,86.544,5,2024 annual mean,2021 strategic noise model,OS Open Greenspace 2026-04,EPCs 2012-2024,ENV-AIR-DEFRA-2024,ENV-NOISE-IOD-WIMD-2025,ENV-GREEN-OS-OPEN-2026-04,ENV-EPC-IOD-WIMD-2025,E63009810,April 2024,190592,190592,190592,190592,190592,residential-environment-bua24-v2,Medium,"Population-weighted across the reviewed April 2024 built-up area; air uses OA population-weighted centroids, small-area indicators use exact-fit lookups, and green space uses current OA origins and the union of eligible OS Open Greenspace polygons."
plymouth,0.8300,7.383,5.509,9.746,23.419,73.910,189643.58,66.481,83.600,93.464,57.190,67.495,75.437,95.082,5,2024 annual mean,2021 strategic noise model,OS Open Greenspace 2026-04,EPCs 2012-2024,ENV-AIR-DEFRA-2024,ENV-NOISE-IOD-WIMD-2025,ENV-GREEN-OS-OPEN-2026-04,ENV-EPC-IOD-WIMD-2025,E63014082,April 2024,266970,266970,266970,266970,266970,residential-environment-bua24-v2,Medium,"Population-weighted across the reviewed April 2024 built-up area; air uses OA population-weighted centroids, small-area indicators use exact-fit lookups, and green space uses current OA origins and the union of eligible OS Open Greenspace polygons."
portsmouth,1.0499,11.508,6.580,10.242,36.658,65.848,147872.57,65.608,47.449,40.373,36.351,50.451,43.656,36.370,2,2024 annual mean,2021 strategic noise model,OS Open Greenspace 2026-04,EPCs 2012-2024,ENV-AIR-DEFRA-2024,ENV-NOISE-IOD-WIMD-2025,ENV-GREEN-OS-OPEN-2026-04,ENV-EPC-IOD-WIMD-2025,E63013748,April 2024,223324,223324,223324,223324,223324,residential-environment-bua24-v2,Medium,"Population-weighted across the reviewed April 2024 built-up area; air uses OA population-weighted centroids, small-area indicators use exact-fit lookups, and green space uses current OA origins and the union of eligible OS Open Greenspace polygons."
preston,0.9565,9.687,6.157,10.039,41.255,66.185,271830.14,65.167,64.766,25.884,60.162,39.881,47.673,46.043,3,2024 annual mean,2021 strategic noise model,OS Open Greenspace 2026-04,EPCs 2012-2024,ENV-AIR-DEFRA-2024,ENV-NOISE-IOD-WIMD-2025,ENV-GREEN-OS-OPEN-2026-04,ENV-EPC-IOD-WIMD-2025,E63007926,April 2024,94502,94502,94502,94502,94502,residential-environment-bua24-v2,Medium,"Population-weighted across the reviewed April 2024 built-up area; air uses OA population-weighted centroids, small-area indicators use exact-fit lookups, and green space uses current OA origins and the union of eligible OS Open Greenspace polygons."
reading,1.0535,9.928,7.109,11.187,35.685,58.762,166494.69,66.022,46.657,45.162,29.469,59.423,45.178,40.184,3,2024 annual mean,2021 strategic noise model,OS Open Greenspace 2026-04,EPCs 2012-2024,ENV-AIR-DEFRA-2024,ENV-NOISE-IOD-WIMD-2025,ENV-GREEN-OS-OPEN-2026-04,ENV-EPC-IOD-WIMD-2025,E63012182,April 2024,203097,203097,203097,203097,203097,residential-environment-bua24-v2,Medium,"Population-weighted across the reviewed April 2024 built-up area; air uses OA population-weighted centroids, small-area indicators use exact-fit lookups, and green space uses current OA origins and the union of eligible OS Open Greenspace polygons."
rhyl,0.6476,3.953,4.973,8.292,29.568,64.877,92428.87,63.436,97.098,75.093,26.084,14.958,53.308,59.064,3,2024 annual mean,2021 strategic noise model,OS Open Greenspace 2026-04,EPCs 2012-2024,ENV-AIR-DEFRA-2024,ENV-NOISE-IOD-WIMD-2025,ENV-GREEN-OS-OPEN-2026-04,ENV-EPC-IOD-WIMD-2025,W45000645,April 2024,26982,26982,26982,26982,26982,residential-environment-bua24-v2,Medium,"Population-weighted across the reviewed April 2024 built-up area; air uses OA population-weighted centroids, small-area indicators use exact-fit lookups, and green space uses current OA origins and the union of eligible OS Open Greenspace polygons."
rotherham,1.2065,12.548,7.736,12.261,33.159,56.364,250855.46,64.274,25.387,57.895,43.044,26.820,38.287,22.469,2,2024 annual mean,2021 strategic noise model,OS Open Greenspace 2026-04,EPCs 2012-2024,ENV-AIR-DEFRA-2024,ENV-NOISE-IOD-WIMD-2025,ENV-GREEN-OS-OPEN-2026-04,ENV-EPC-IOD-WIMD-2025,E63008458,April 2024,70761,70761,70761,70761,70761,residential-environment-bua24-v2,Medium,"Population-weighted across the reviewed April 2024 built-up area; air uses OA population-weighted centroids, small-area indicators use exact-fit lookups, and green space uses current OA origins and the union of eligible OS Open Greenspace polygons."
salford,1.3543,16.613,7.833,12.526,48.865,77.075,254627.38,70.608,12.528,12.069,73.753,98.263,49.153,51.458,3,2024 annual mean,2021 strategic noise model,OS Open Greenspace 2026-04,EPCs 2012-2024,ENV-AIR-DEFRA-2024,ENV-NOISE-IOD-WIMD-2025,ENV-GREEN-OS-OPEN-2026-04,ENV-EPC-IOD-WIMD-2025,E63008377,April 2024,108431,108431,108431,108431,108431,residential-environment-bua24-v2,Medium,"Population-weighted across the reviewed April 2024 built-up area; air uses OA population-weighted centroids, small-area indicators use exact-fit lookups, and green space uses current OA origins and the union of eligible OS Open Greenspace polygons."
sheffield,1.1031,10.884,7.346,11.278,31.726,72.157,273769.89,65.184,36.699,64.993,70.756,41.523,53.493,60.096,4,2024 annual mean,2021 strategic noise model,OS Open Greenspace 2026-04,EPCs 2012-2024,ENV-AIR-DEFRA-2024,ENV-NOISE-IOD-WIMD-2025,ENV-GREEN-OS-OPEN-2026-04,ENV-EPC-IOD-WIMD-2025,E63008489,April 2024,500587,500587,500587,500587,500587,residential-environment-bua24-v2,Medium,"Population-weighted across the reviewed April 2024 built-up area; air uses OA population-weighted centroids, small-area indicators use exact-fit lookups, and green space uses current OA origins and the union of eligible OS Open Greenspace polygons."
shrewsbury,0.7815,5.552,5.709,9.714,33.542,75.629,116511.98,66.977,88.413,55.957,49.204,75.170,67.186,86.934,5,2024 annual mean,2021 strategic noise model,OS Open Greenspace 2026-04,EPCs 2012-2024,ENV-AIR-DEFRA-2024,ENV-NOISE-IOD-WIMD-2025,ENV-GREEN-OS-OPEN-2026-04,ENV-EPC-IOD-WIMD-2025,E63009578,April 2024,75784,75784,75784,75784,75784,residential-environment-bua24-v2,Medium,"Population-weighted across the reviewed April 2024 built-up area; air uses OA population-weighted centroids, small-area indicators use exact-fit lookups, and green space uses current OA origins and the union of eligible OS Open Greenspace polygons."
southampton,1.0438,11.682,6.488,9.985,37.054,63.144,242465.00,66.188,50.014,39.274,48.157,62.064,49.877,53.571,3,2024 annual mean,2021 strategic noise model,OS Open Greenspace 2026-04,EPCs 2012-2024,ENV-AIR-DEFRA-2024,ENV-NOISE-IOD-WIMD-2025,ENV-GREEN-OS-OPEN-2026-04,ENV-EPC-IOD-WIMD-2025,E63013524,April 2024,249633,249633,249633,249633,249633,residential-environment-bua24-v2,Medium,"Population-weighted across the reviewed April 2024 built-up area; air uses OA population-weighted centroids, small-area indicators use exact-fit lookups, and green space uses current OA origins and the union of eligible OS Open Greenspace polygons."
southend-on-sea,1.0820,10.253,7.342,11.287,34.833,47.947,139369.25,61.806,40.963,49.422,19.971,6.110,29.116,7.465,1,2024 annual mean,2021 strategic noise model,OS Open Greenspace 2026-04,EPCs 2012-2024,ENV-AIR-DEFRA-2024,ENV-NOISE-IOD-WIMD-2025,ENV-GREEN-OS-OPEN-2026-04,ENV-EPC-IOD-WIMD-2025,E63011939,April 2024,182295,182295,182295,182295,182295,residential-environment-bua24-v2,Medium,"Population-weighted across the reviewed April 2024 built-up area; air uses OA population-weighted centroids, small-area indicators use exact-fit lookups, and green space uses current OA origins and the union of eligible OS Open Greenspace polygons."
st-helens,1.0687,11.167,6.811,10.911,32.570,80.291,278404.10,65.539,42.858,60.227,83.100,48.819,58.751,70.193,4,2024 annual mean,2021 strategic noise model,OS Open Greenspace 2026-04,EPCs 2012-2024,ENV-AIR-DEFRA-2024,ENV-NOISE-IOD-WIMD-2025,ENV-GREEN-OS-OPEN-2026-04,ENV-EPC-IOD-WIMD-2025,E63008434,April 2024,107409,107409,107409,107409,107409,residential-environment-bua24-v2,Medium,"Population-weighted across the reviewed April 2024 built-up area; air uses OA population-weighted centroids, small-area indicators use exact-fit lookups, and green space uses current OA origins and the union of eligible OS Open Greenspace polygons."
stafford,0.9423,7.568,6.651,11.096,40.437,49.769,139680.06,65.920,66.846,28.429,20.585,56.995,43.214,35.371,2,2024 annual mean,2021 strategic noise model,OS Open Greenspace 2026-04,EPCs 2012-2024,ENV-AIR-DEFRA-2024,ENV-NOISE-IOD-WIMD-2025,ENV-GREEN-OS-OPEN-2026-04,ENV-EPC-IOD-WIMD-2025,E63009353,April 2024,71695,71695,71695,71695,71695,residential-environment-bua24-v2,Medium,"Population-weighted across the reviewed April 2024 built-up area; air uses OA population-weighted centroids, small-area indicators use exact-fit lookups, and green space uses current OA origins and the union of eligible OS Open Greenspace polygons."
stockport,1.2083,13.243,7.564,11.819,44.270,82.549,321106.67,64.162,24.970,18.351,88.932,25.981,39.559,26.740,2,2024 annual mean,2021 strategic noise model,OS Open Greenspace 2026-04,EPCs 2012-2024,ENV-AIR-DEFRA-2024,ENV-NOISE-IOD-WIMD-2025,ENV-GREEN-OS-OPEN-2026-04,ENV-EPC-IOD-WIMD-2025,E63008478,April 2024,118146,118146,118146,118146,118146,residential-environment-bua24-v2,Medium,"Population-weighted across the reviewed April 2024 built-up area; air uses OA population-weighted centroids, small-area indicators use exact-fit lookups, and green space uses current OA origins and the union of eligible OS Open Greenspace polygons."
stockton-on-tees,0.9030,9.021,5.817,9.652,29.437,65.444,181623.88,65.674,74.037,75.871,39.846,51.641,60.349,74.295,4,2024 annual mean,2021 strategic noise model,OS Open Greenspace 2026-04,EPCs 2012-2024,ENV-AIR-DEFRA-2024,ENV-NOISE-IOD-WIMD-2025,ENV-GREEN-OS-OPEN-2026-04,ENV-EPC-IOD-WIMD-2025,E63007405,April 2024,84824,84824,84824,84824,84824,residential-environment-bua24-v2,Medium,"Population-weighted across the reviewed April 2024 built-up area; air uses OA population-weighted centroids, small-area indicators use exact-fit lookups, and green space uses current OA origins and the union of eligible OS Open Greenspace polygons."
stoke-on-trent,1.0693,10.286,7.119,11.334,36.657,88.269,449338.29,64.710,42.571,40.835,95.733,32.370,52.877,58.450,3,2024 annual mean,2021 strategic noise model,OS Open Greenspace 2026-04,EPCs 2012-2024,ENV-AIR-DEFRA-2024,ENV-NOISE-IOD-WIMD-2025,ENV-GREEN-OS-OPEN-2026-04,ENV-EPC-IOD-WIMD-2025,E63009014,April 2024,260001,260001,260001,260001,260001,residential-environment-bua24-v2,Medium,"Population-weighted across the reviewed April 2024 built-up area; air uses OA population-weighted centroids, small-area indicators use exact-fit lookups, and green space uses current OA origins and the union of eligible OS Open Greenspace polygons."
sunderland,0.9426,9.663,5.992,9.948,41.517,57.363,155661.37,65.463,66.705,24.945,26.725,47.352,41.432,30.825,2,2024 annual mean,2021 strategic noise model,OS Open Greenspace 2026-04,EPCs 2012-2024,ENV-AIR-DEFRA-2024,ENV-NOISE-IOD-WIMD-2025,ENV-GREEN-OS-OPEN-2026-04,ENV-EPC-IOD-WIMD-2025,E63007220,April 2024,167989,167989,167989,167989,167989,residential-environment-bua24-v2,Medium,"Population-weighted across the reviewed April 2024 built-up area; air uses OA population-weighted centroids, small-area indicators use exact-fit lookups, and green space uses current OA origins and the union of eligible OS Open Greenspace polygons."
swansea,0.7385,7.241,4.914,7.629,29.980,66.862,217926.83,64.466,92.109,72.507,49.279,28.804,60.675,76.128,4,2024 annual mean,2021 strategic noise model,OS Open Greenspace 2026-04,EPCs 2012-2024,ENV-AIR-DEFRA-2024,ENV-NOISE-IOD-WIMD-2025,ENV-GREEN-OS-OPEN-2026-04,ENV-EPC-IOD-WIMD-2025,W45001113,April 2024,169795,169795,169795,169795,169795,residential-environment-bua24-v2,Medium,"Population-weighted across the reviewed April 2024 built-up area; air uses OA population-weighted centroids, small-area indicators use exact-fit lookups, and green space uses current OA origins and the union of eligible OS Open Greenspace polygons."
swindon,0.9764,8.579,6.730,10.879,24.115,89.341,307721.36,68.386,61.937,91.313,92.337,89.548,83.784,99.486,5,2024 annual mean,2021 strategic noise model,OS Open Greenspace 2026-04,EPCs 2012-2024,ENV-AIR-DEFRA-2024,ENV-NOISE-IOD-WIMD-2025,ENV-GREEN-OS-OPEN-2026-04,ENV-EPC-IOD-WIMD-2025,E63011979,April 2024,183687,183687,183687,183687,183687,residential-environment-bua24-v2,Medium,"Population-weighted across the reviewed April 2024 built-up area; air uses OA population-weighted centroids, small-area indicators use exact-fit lookups, and green space uses current OA origins and the union of eligible OS Open Greenspace polygons."
telford,0.8580,6.364,6.227,10.381,31.204,90.532,223016.90,68.565,80.366,66.889,77.385,91.218,78.965,97.762,5,2024 annual mean,2021 strategic noise model,OS Open Greenspace 2026-04,EPCs 2012-2024,ENV-AIR-DEFRA-2024,ENV-NOISE-IOD-WIMD-2025,ENV-GREEN-OS-OPEN-2026-04,ENV-EPC-IOD-WIMD-2025,E63009565,April 2024,156326,156326,156326,156326,156326,residential-environment-bua24-v2,Medium,"Population-weighted across the reviewed April 2024 built-up area; air uses OA population-weighted centroids, small-area indicators use exact-fit lookups, and green space uses current OA origins and the union of eligible OS Open Greenspace polygons."
torbay,0.7213,4.867,5.344,9.123,22.317,71.057,130757.54,63.717,93.291,95.081,41.067,18.288,61.932,78.986,4,2024 annual mean,2021 strategic noise model,OS Open Greenspace 2026-04,EPCs 2012-2024,ENV-AIR-DEFRA-2024,ENV-NOISE-IOD-WIMD-2025,ENV-GREEN-OS-OPEN-2026-04,ENV-EPC-IOD-WIMD-2025,E63014039;E63014055;E63014084,April 2024,137645,137645,137645,137645,137645,residential-environment-bua24-v2,Medium,"Population-weighted across the reviewed April 2024 built-up area; air uses OA population-weighted centroids, small-area indicators use exact-fit lookups, and green space uses current OA origins and the union of eligible OS Open Greenspace polygons."
wakefield,1.1213,11.253,7.197,11.988,38.284,73.171,261063.53,65.899,33.108,33.441,68.456,56.607,47.903,46.915,3,2024 annual mean,2021 strategic noise model,OS Open Greenspace 2026-04,EPCs 2012-2024,ENV-AIR-DEFRA-2024,ENV-NOISE-IOD-WIMD-2025,ENV-GREEN-OS-OPEN-2026-04,ENV-EPC-IOD-WIMD-2025,E63008062,April 2024,97656,97656,97656,97656,97656,residential-environment-bua24-v2,Medium,"Population-weighted across the reviewed April 2024 built-up area; air uses OA population-weighted centroids, small-area indicators use exact-fit lookups, and green space uses current OA origins and the union of eligible OS Open Greenspace polygons."
walsall,1.3849,15.545,8.366,13.906,47.675,64.561,214450.85,63.352,11.358,13.514,44.300,14.430,20.901,0.492,1,2024 annual mean,2021 strategic noise model,OS Open Greenspace 2026-04,EPCs 2012-2024,ENV-AIR-DEFRA-2024,ENV-NOISE-IOD-WIMD-2025,ENV-GREEN-OS-OPEN-2026-04,ENV-EPC-IOD-WIMD-2025,E63009845,April 2024,70777,70777,70777,70777,70777,residential-environment-bua24-v2,Medium,"Population-weighted across the reviewed April 2024 built-up area; air uses OA population-weighted centroids, small-area indicators use exact-fit lookups, and green space uses current OA origins and the union of eligible OS Open Greenspace polygons."
warrington,1.0412,10.809,6.597,10.849,38.522,84.123,282618.63,66.776,50.591,32.587,86.436,72.581,60.549,75.109,4,2024 annual mean,2021 strategic noise model,OS Open Greenspace 2026-04,EPCs 2012-2024,ENV-AIR-DEFRA-2024,ENV-NOISE-IOD-WIMD-2025,ENV-GREEN-OS-OPEN-2026-04,ENV-EPC-IOD-WIMD-2025,E63008488,April 2024,174064,174064,174064,174064,174064,residential-environment-bua24-v2,Medium,"Population-weighted across the reviewed April 2024 built-up area; air uses OA population-weighted centroids, small-area indicators use exact-fit lookups, and green space uses current OA origins and the union of eligible OS Open Greenspace polygons."
wigan,1.0367,10.530,6.658,10.882,33.287,68.811,239144.30,64.966,51.963,57.567,55.615,36.647,50.448,54.654,3,2024 annual mean,2021 strategic noise model,OS Open Greenspace 2026-04,EPCs 2012-2024,ENV-AIR-DEFRA-2024,ENV-NOISE-IOD-WIMD-2025,ENV-GREEN-OS-OPEN-2026-04,ENV-EPC-IOD-WIMD-2025,E63008282,April 2024,81514,81514,81514,81514,81514,residential-environment-bua24-v2,Medium,"Population-weighted across the reviewed April 2024 built-up area; air uses OA population-weighted centroids, small-area indicators use exact-fit lookups, and green space uses current OA origins and the union of eligible OS Open Greenspace polygons."
wolverhampton,1.1198,11.276,7.324,11.504,32.359,59.986,174911.80,63.531,33.637,61.867,32.142,16.199,35.961,16.929,1,2024 annual mean,2021 strategic noise model,OS Open Greenspace 2026-04,EPCs 2012-2024,ENV-AIR-DEFRA-2024,ENV-NOISE-IOD-WIMD-2025,ENV-GREEN-OS-OPEN-2026-04,ENV-EPC-IOD-WIMD-2025,E63009805,April 2024,233643,233643,233643,233643,233643,residential-environment-bua24-v2,Medium,"Population-weighted across the reviewed April 2024 built-up area; air uses OA population-weighted centroids, small-area indicators use exact-fit lookups, and green space uses current OA origins and the union of eligible OS Open Greenspace polygons."
worcester,0.9108,7.456,6.441,10.478,33.640,56.373,131450.66,65.553,72.605,55.349,22.523,49.133,49.902,53.761,3,2024 annual mean,2021 strategic noise model,OS Open Greenspace 2026-04,EPCs 2012-2024,ENV-AIR-DEFRA-2024,ENV-NOISE-IOD-WIMD-2025,ENV-GREEN-OS-OPEN-2026-04,ENV-EPC-IOD-WIMD-2025,E63010595,April 2024,105439,105439,105439,105439,105439,residential-environment-bua24-v2,Medium,"Population-weighted across the reviewed April 2024 built-up area; air uses OA population-weighted centroids, small-area indicators use exact-fit lookups, and green space uses current OA origins and the union of eligible OS Open Greenspace polygons."
wrexham,0.8535,7.293,5.977,9.538,28.529,82.634,272123.72,66.543,81.174,79.312,83.659,68.398,78.136,97.100,5,2024 annual mean,2021 strategic noise model,OS Open Greenspace 2026-04,EPCs 2012-2024,ENV-AIR-DEFRA-2024,ENV-NOISE-IOD-WIMD-2025,ENV-GREEN-OS-OPEN-2026-04,ENV-EPC-IOD-WIMD-2025,W45000777,April 2024,44277,44277,44277,44277,44277,residential-environment-bua24-v2,Medium,"Population-weighted across the reviewed April 2024 built-up area; air uses OA population-weighted centroids, small-area indicators use exact-fit lookups, and green space uses current OA origins and the union of eligible OS Open Greenspace polygons."
york,0.9064,8.181,6.051,10.362,29.679,74.332,217479.32,66.405,73.439,74.815,62.904,65.925,69.271,88.786,5,2024 annual mean,2021 strategic noise model,OS Open Greenspace 2026-04,EPCs 2012-2024,ENV-AIR-DEFRA-2024,ENV-NOISE-IOD-WIMD-2025,ENV-GREEN-OS-OPEN-2026-04,ENV-EPC-IOD-WIMD-2025,E63007706,April 2024,141286,141286,141286,141286,141286,residential-environment-bua24-v2,Medium,"Population-weighted across the reviewed April 2024 built-up area; air uses OA population-weighted centroids, small-area indicators use exact-fit lookups, and green space uses current OA origins and the union of eligible OS Open Greenspace polygons."
