id,workstream,title,publisher,url,dataPeriod,retrievalDate,geography,coverage,limitations
GC01,geography_crime,Places lookup,Postcodes.io,https://api.postcodes.io/places,Current lookup,2026-09-05,Named place centroids,63 supplied locations,Place-name matching is not a statutory boundary lookup; Torbay uses Torquay as a practical centre and Welsh Newport was explicitly queried as Casnewydd.
GC02,geography_crime,Nearest postcode lookup,Postcodes.io,https://api.postcodes.io/postcodes,Current lookup,2026-09-05,Nearest postcode within 2 km of place centroid,63 supplied locations,Local authority code and police-force-area label describe the centroid postcode; they are not evidence about all parts of the settlement.
GC03,geography_crime,Street-level crime API,Home Office / Police.uk,https://data.police.uk/api/crimes-street/all-crime,2025-08 to 2026-07,2026-09-05,Fixed one-mile radius around each place centroid,696 town-month observations used in the final 58-location indicator; all categories were downloaded once per place-month and the two required categories counted locally,"All locations except Bolton, Manchester, Salford, Stockport and Wigan"
GC04,geography_crime,Street-level crime API method,Home Office / Police.uk,https://data.police.uk/docs/method/crime-street/,Method current at retrieval,2026-09-05,Street-level anonymised crime points,Method documentation,Point results are anonymised and the one-mile centre circle is neither a settlement boundary nor population-normalised; centre footfall and density affect counts.
GC05,geography_crime,Crime data last-updated endpoint,Home Office / Police.uk,https://data.police.uk/api/crime-last-updated,Latest available month 2026-07,2026-09-05,England and Wales API,One metadata response,Confirms recency only; it does not establish complete coverage for every force.
GC06,geography_crime,Police.uk changelog,Home Office / Police.uk,https://data.police.uk/changelog/,Current at retrieval,2026-09-05,Force-level data availability,Greater Manchester Police coverage warning,Police.uk reports Greater Manchester Police crime data unavailable; sparse API point returns may be cross-force records and are not used as a safety indicator.
AFF-BUY-PPD-2024-26,affordability,"Price Paid Data yearly files (2024, 2025, 2026)",HM Land Registry,https://www.gov.uk/government/statistical-data-sets/price-paid-data-downloads,Sales dated 2024-07-01 to 2026-06-30; downloaded from release updated 2026-08-28,2026-09-05,HMLR Town/City field; Torbay uses district field,All 63 locations; row-level counts are in affordability.json,All flat/maisonette sizes; no bedroom count. Standard category-A transactions only. Recent transactions may be incomplete because registration lags.
AFF-RENT-PIPR-2026-07,affordability,"Price Index of Private Rents, UK: monthly price statistics, 19 August 2026 edition",Office for National Statistics,https://www.ons.gov.uk/economy/inflationandpriceindices/datasets/priceindexofprivaterentsukmonthlypricestatistics,2026-07,2026-09-05,Local authorities in England and Wales,All 63 locations mapped to 63 local-authority proxies; observation counts not published in table,"Modelled mean for the entire private rental stock, not a median or new-let asking rent. Some local authorities are broader than named towns; latest months are provisional and lower-level estimates may be volatile."
MT-RM-SEARCH-20260905,market_thickness,Rightmove one-bedroom flat search-result snapshots,Rightmove,https://www.rightmove.co.uk/property-for-sale.html | https://www.rightmove.co.uk/property-to-rent.html,Snapshot 2026-09-05,2026-09-05,"Rightmove town/city REGION identifiers, recorded per JSON row",126 headline result counts: separate sale and rent queries for all 63 locations,Live advertised-stock snapshot; portal-defined boundaries; counts may include duplicates and are not achieved transactions. No listing pages were opened or coded. Sale and rent exclusions differ as documented per row.
MT-RM-LOS-20260905,market_thickness,Rightmove location typeahead resolver,Rightmove,https://los.rightmove.co.uk/typeahead,Snapshot 2026-09-05,2026-09-05,Place-name resolution to Rightmove REGION identifiers,"All 63 supplied location names; corrected aliases for Burton-on-Trent, Stoke-on-Trent, Stockton-on-Tees, Kingston upon Hull and St Helens",Portal geographies are proprietary and may not match administrative boundaries; Merthyr Tydfil and Neath resolver labels contain anomalous historic-county wording and are low-confidence.
TR01,transport,National Rail journey planner,Rail Delivery Group,https://www.nationalrail.co.uk/journey-planner/,Current timetable planner; representative weekday screen,2026-09-05,England and Wales rail network,All 63 locations,"Journey duration varies by date/time and disruption; values are rounded screening snapshots, not guaranteed schedules."
TR02,transport,Traveline journey planner,Traveline Information Ltd,https://www.traveline.info/,Current public-transport information,2026-09-05,Great Britain,All 63 locations,Useful for broad mode/network availability; does not itself measure frequency quality in this screen.
TR03,transport,Transport for West Midlands,West Midlands Combined Authority,https://www.tfwm.org.uk/,Current network information,2026-09-05,West Midlands transport area,5 supplied locations,Regional source; Telford lies outside the core TfWM area and is supported mainly by Traveline.
TR04,transport,Bee Network,Transport for Greater Manchester,https://tfgm.com/,Current network information,2026-09-05,Greater Manchester,5 supplied locations,Town-level network evidence; exact stop accessibility varies by neighbourhood.
TR05,transport,Metro,West Yorkshire Combined Authority,https://www.wymetro.com/,Current network information,2026-09-05,West Yorkshire,5 supplied locations,Regional network source; exact frequency and walk access not audited.
TR06,transport,Travel South Yorkshire,South Yorkshire Mayoral Combined Authority,https://www.travelsouthyorkshire.com/,Current network information,2026-09-05,South Yorkshire,4 supplied locations,Regional network source; exact frequency and walk access not audited.
TR07,transport,Nexus,Nexus,https://www.nexus.org.uk/,Current network information,2026-09-05,Tyne and Wear,3 supplied locations,Gateshead national journeys use Newcastle as a practical gateway; transfer time is represented coarsely.
TR08,transport,Merseytravel,Liverpool City Region Combined Authority,https://www.merseytravel.gov.uk/,Current network information,2026-09-05,Liverpool City Region,2 supplied locations,Regional network source; exact neighbourhood access not audited.
TR09,transport,Transport for Wales,Transport for Wales,https://tfw.wales/,Current network information,2026-09-05,Wales and border rail network,6 supplied locations,Official operator/network source; journey times still vary by timetable and connection.
TR10,transport,Transport Nottingham,Nottingham City Council,https://www.transportnottingham.com/,Current network information,2026-09-05,Nottingham,1 supplied location,City-level source; does not establish accessibility for every neighbourhood.
TR11,transport,Blackpool Transport,Blackpool Transport Services,https://www.blackpooltransport.com/,Current network information,2026-09-05,Blackpool and Fylde Coast,1 supplied location,Operator source; service patterns and seasonal demand vary.
ENV001,environment,Explaining the 2022 noise maps,"Department for Environment, Food & Rural Affairs",https://www.gov.uk/government/publications/strategic-noise-mapping-2022/explaining-the-2022-noise-maps,2022 mapping round; published 2024,2026-09-05,"England: major roads, railways, airports and agglomerations",All 57 English candidate locations,"Strategic mapping identifies modelled transport-noise exposure, not interior noise or every local source; used only as a broad screen."
ENV002,environment,Environmental Noise Mapping 2022,Welsh Government / DataMapWales,https://datamap.gov.wales/layergroups/geonode%3AEnvironmental_Noise_Mapping_2022,2022,2026-09-05,"Wales: major roads, major railways and large urban areas",All 6 Welsh candidate locations,Modelled strategic layers omit fine street-level and building-insulation effects; used only as a broad screen.
ENV003,environment,English indices of deprivation 2025,"Ministry of Housing, Communities and Local Government",https://www.gov.uk/government/statistics/english-indices-of-deprivation-2025,2025 release,2026-09-05,England LSOAs,All 57 English candidate locations,Deprivation is not a direct measure of appearance or upkeep and within-town variation is large; used cautiously as context for condition judgements.
ENV004,environment,Welsh Index of Multiple Deprivation 2025,Welsh Government,https://stats.gov.wales/en-GB/c67b9e08-dacc-439a-a244-2fce79b11400,2025,2026-09-05,Wales LSOAs,All 6 Welsh candidate locations,WIMD is not a direct visual-condition measure; physical environment has limited weight and within-town variation is large.
ENV005,environment,OpenStreetMap current map,OpenStreetMap contributors / OpenStreetMap Foundation,https://www.openstreetmap.org/,Live map at retrieval,2026-09-05,Candidate built-up areas,All 63 candidate locations,"Map context supports identification of conspicuous roads, railways, airports, industrial land and broad urban form; it does not establish actual noise, dereliction or upkeep."
